objectid,title,creator,date,date-is-approximate?,Medium,description,identifier,dimensions,artist bio,artist quote,subject,location,latitude,longitude,source,type,language,rights,rightsstatement,display_template,object_location,image_alt_text,object_transcript,credit_line,Nationality,Period,parentid
acm_001,Landscape,Elizabeth Hilton,Possibly 2009,TRUE,Oil pastel on paper,"Landscape with trees, flowering shrubs, and a small house reflected along the edge of a calm body of water.",ACM.2009.001,12 x 8.5 in.,,,Landscapes;Trees;Houses;Flowers;Water,Jackson,,,Arts Center of Mississippi,image,English,In copyright,https://rightsstatements.org/vocab/InC/1.0/,image,/objects/acm_001.JPG,Portrait painting with a dark background and a seated figure.,,City of Jackson Permanent Collection,American,Contemporary,
acm_002,Portrait,Unknown,,TRUE,Oil on canvas board,"Bust-length portrait of a woman with short dark hair, a white collar, and a light green garment against a neutral background.",ACM.2022.001,17.5 x 21.5 in.,,,Portraits;Women,Mississippi,,,Arts Center of Mississippi,image,English,In copyright,https://rightsstatements.org/vocab/InC/1.0/,image,/objects/acm_002.png,Small landscape painting showing a river and low horizon.,,City of Jackson Permanent Collection,American,Modern,
acm_003,Winter Scene,Elizabeth Piazza,1982,FALSE,Watercolor on Paper,"Winter landscape with a small house, bare trees, and snow-covered ground rendered in loose watercolor washes.",ACM.1982.001,14 x 10.5 in.,,,Landscapes;Winter;Snow;Houses;Trees,Mississippi,,,Arts Center of Mississippi,image,English,In copyright,https://rightsstatements.org/vocab/InC/1.0/,image,/objects/acm_003.png,Small landscape painting showing a river and low horizon.,,City of Jackson Permanent Collection,American,Modern,
acm_004,Tulips,Not listed,,,Acrylic on wood,Stylized composition of three large tulips in red and yellow against a bright green ground.,ACM.2022.002,24 x 16 in.,,,Still lifes;Tulips;Flowers,,,,,,,,,image,/objects/acm_004.png,,,City of Jackson Permanent Collection,,,
acm_005,Apples,Not listed,,,Acrylic on wood,Still life of red apples and green leaves arranged around a basket against a patterned background.,ACM.2022.003,25 x 16 in.,,,Still lifes;Apples;Fruit;Baskets,,,,,,,,,image,/objects/acm_005.png,,,City of Jackson Permanent Collection,,,
acm_006,Clothes on the Line,Sarah Beaugez,2000,FALSE,Photograph,Photograph of brightly colored garments hanging on a clothesline in front of a weathered wooden building.,ACM.2000.001,17 x 12 in.,,,Photography;Clothing;Laundry;Clotheslines;Rural buildings,,,,,,,,,image,/objects/acm_006.png,,,City of Jackson Permanent Collection,,,
acm_007,"Small ""Brim"" at Reservoir",Hazel Bush,,,Acrylic on canvas,"Expressive, densely worked composition with a partially recognizable face emerging through layered strokes of bright color.",ACM.2022.004,16 x 11.5 in.,,,Abstract art;Faces;Expressionism,,,,,,,,,image,/objects/acm_007.png,,,City of Jackson Permanent Collection,,,
acm_008,Calm Waters,Carl Johnson,2017,FALSE,Digital Photograph,Photograph of a calm river or reservoir bordered by trees beneath a broad sky with scattered clouds.,ACM.2017.001,8.5 x 10 in.,,,Landscapes;Rivers;Water;Trees;Clouds,,,,,,,,,image,/objects/acm_008.png,,,City of Jackson Permanent Collection,,,
acm_009,Untitled,,,,Pencil on Paper,Pencil drawing of a seated musician holding and playing a guitar.,ACM.2022.005,5.5 x 8.5 in.,,,Drawings;Musicians;Guitarists;Guitars;Seated figures,,,,,,,,,image,/objects/acm_009.png,,,City of Jackson Permanent Collection,,,
acm_010,Untitled,Miller,,,Watercolor on Paper,Small still life of an apple and a drinking glass set on a striped cloth against a warm-toned background.,ACM.2022.006,6 x 4 in.,,,Still lifes;Apples;Drinking glasses;Table settings,,,,,,,,,image,/objects/acm_010.png,,,City of Jackson Permanent Collection,,,
acm_011,Untitled,Sharon Richardson,,,Oil on canvas,View of a large white columned house approached by a garden path bordered with colorful flowers and trees.,ACM.2022.007,15 x 16 in.,,,Landscapes;Architecture;Houses;Columns;Gardens;Flowers,,,,,,,,,image,/objects/acm_011.png,,,City of Jackson Permanent Collection,,,
acm_012,Let the Sunshine In,Francine L Greenlee,,,Watercolor on Paper,"Garden scene with a curving flower bed, lawn, trees, and a path leading toward a gate.",ACM.2022.008,8.5 x 14 in.,,,Gardens;Landscapes;Flowers;Trees;Paths,,,,,,,,,image,/objects/acm_012.png,,,City of Jackson Permanent Collection,,,
acm_013,Tulips in the Light,Sarah Beaugez,2000,FALSE,Photography,"Photograph of yellow and red tulips in an orange vase beside a wooden chair, with a single pale flower lying on the table.",ACM.2000.002,9.5 x 13 in.,,,Still lifes;Photography;Tulips;Flowers;Vases;Chairs,,,,,,,,,image,/objects/acm_013.png,,,,,,
acm_014,Purple Cape,Eleanor Graves,,,Oil on Canvas,Profile portrait of a seated woman with light hair wearing a purple cape or shawl.,ACM.2022.009,13.5 x 13. 5 in.,,,Portraits;Women;Profile portraits;Shawls,,,,,,,,,image,/objects/acm_014.png,,,,,,
acm_015,Mushrooms,Lindsey,,,Watercolor and acylic on paper,Close view of pale mushrooms scattered among grasses and woodland vegetation.,ACM.2022.010,8 x 11 in.,,,Mushrooms;Plants;Woodlands;Nature,,,,,,,,,image,/objects/acm_015.png,,,,,,
acm_016,"Ligon-Gale Home, Municipal Art Gallery",H Radcliffe,,,Ink pen on paper,"Architectural ink drawing of the front elevation of the Ligon-Gale Home, showing its porch, roofline, windows, and surrounding vegetation.",ACM.2022.011,12.5 x 10 in.,,,Architecture;Historic buildings;Houses;Porches;Jackson (Miss.),,,,,,,,,image,/objects/acm_016.png,,,,,,
acm_017,Untitled,C S Langston,2007,FALSE,Watercolor on Paper,"Watercolor view of a large historic house with a red roof, central porch, and steps leading toward the foreground.",ACM.2007.001,8 x 11 in.,,,Architecture;Houses;Historic buildings;Porches,,,,,,,,,image,/objects/acm_017.png,,,,,,
acm_018,Untitled,Stanley Robinson,,,Oil on canvas,"Loosely rendered portrait of a standing figure, with facial features and clothing emerging through soft, mottled color.",ACM.2022.012,11 x 15 in.,,,Portraits;Figures;Expressionism,,,,,,,,,image,/objects/acm_018.png,,,,,,
acm_019,Man with head wrap,John Derby,,,Oil pastel on paper,Bust-length portrait of a man wearing a multicolored head wrap and light green garment against a neutral background.,ACM.2022.013,11 x 14 in.,,,Portraits;Men;Head wraps,,,,,,,,,image,/objects/acm_019.png,,,,,,
acm_020,Two Onions and One Tomato,Robert Burns,1987,FALSE,Oil on canvas,Still life of two pale onions and one red tomato arranged beside a large bowl.,ACM.1987.001,11.5 x 9 in.,,,Still lifes;Onions;Tomatoes;Bowls;Vegetables,,,,,,,,,image,/objects/acm_020.png,,,,,,
acm_021,Untitled,Tommy Smith Vaniz,,,Watercolor and acylic on paper,"Study of leafy houseplants arranged against a red brick wall, including a tall plant with striped leaves.",ACM.2022.014,6 x 9 in.,,,Still lifes;Houseplants;Plants;Brick walls,,,,,,,,,image,/objects/acm_021.png,,,,,,
acm_022,Untitled,,,,Oil pastel on paper,Bust-length portrait of a young man in a light shirt against a softly shaded blue background.,ACM.2022.015,15 x 19 in.,,,Portraits;Men,,,,,,,,,image,/objects/acm_022.png,,,,,,
acm_023,Untitled,,,,Oil on canvas,Landscape with a pale castle or church-like complex rising above dense trees and flowering vegetation.,ACM.2022.016,19 x 10.5 in.,,,Landscapes;Architecture;Castles;Trees;Flowers,,,,,,,,,image,/objects/acm_023.png,,,,,,
acm_024,Untitled,Jack Olson,1986,FALSE,Watercolor on Paper,Watercolor study of cut logs stacked beneath or beside a simple wooden structure.,ACM.1986.001,21 x 14 in.,,,Still lifes;Logs;Wood;Rural scenes,,,,,,,,,image,/objects/acm_024.png,,,,,,
acm_025,Geranium,Yvette Sturgis,,,Print,Potted red geraniums in bloom against a warm yellow background.,ACM.2022.017,19 x 22 in.,,,Still lifes;Geraniums;Flowers;Potted plants,,,,,,,,,image,/objects/acm_025.png,,,,,,
acm_026,"The Old Door, Natchez",Henry Gurley,1978,FALSE,Photographic print on canvas,"Photograph of a weathered wooden door set into a red brick wall in Natchez, Mississippi.",ACM.1978.001,11 x 14 in.,,,Photography;Doors;Brick buildings;Architecture;Natchez (Miss.),,,,,,,,,image,/objects/acm_026.png,,,,,,
acm_027,Untitled,C S Langston,2000,FALSE,oil on canvas,"Bright coastal landscape seen from a garden, with a stone building, red shutters, flowers, boats, and mountains across the water.",ACM.2000.003,24 x 18 on.,,,Landscapes;Coasts;Gardens;Boats;Houses;Mountains;Water,,,,,,,,,image,/objects/acm_027.png,,,,,,
acm_028,Untitled,Yvette Sturgis,1985,FALSE,oil on canvas,Panoramic field densely filled with yellow sunflowers beneath a low blue-gray sky.,ACM.1985.001,20 x 10 in.,,,Landscapes;Sunflowers;Flowers;Fields,,,,,,,,,image,/objects/acm_028.png,,,,,,
acm_029,Flowers in Blue Vase,Bewey Bowden,,,Oil on canvas,Tall bouquet of pink and white flowers arranged in a blue vase.,ACM.2022.018,12 x 24 in.,,,Still lifes;Flowers;Bouquets;Vases,,,,,,,,,image,/objects/acm_029.png,,,,,,
acm_030,Harvest,Landrough Miller,2007,FALSE,Watercolor on paper,"Watercolor still life of assorted fruit, including dark purple and orange forms, gathered on a blue surface.",ACM.2007.002,9.5 x 7.5 in.,,,Still lifes;Fruit,,,,,,,,,image,/objects/acm_030.png,,,,,,
acm_031,Rosalie,Doris. B. Nunn,1963,FALSE,Watercolor on paper,"Watercolor street scene with light-colored houses, a large tree, and a quiet roadway in the foreground.",ACM.1963.001,20 x 14 in.,,,Landscapes;Houses;Streets;Trees;Architecture,,,,,,,,,image,/objects/acm_031.png,,,,,,
acm_032,7/25,Susan Habeeb,1979,FALSE,Photographic print on canvas,Photograph of a flock of sheep standing in the foreground of a broad hilly landscape.,ACM.1979.001,19 x 15 in.,,,Photography;Sheep;Flocks;Landscapes;Hills,,,,,,,,,image,/objects/acm_032.png,,,,,,
acm_033,Jack Dison,,,,Water color on paper,"Coastal watercolor landscape with rocky terrain, water, distant mountains, and two small figures near the shoreline.",ACM.2022.019,21 x 14 in.,,,Landscapes;Coasts;Shorelines;Mountains;Figures;Water,,,,,,,,,image,/objects/acm_033.png,,,,,,
acm_034,Untitled,,,,acrylic on canvas,Rural landscape with a winding dirt road passing through a field of small white flowers toward distant hills and buildings.,ACM.2022.020,4 x 6 in.,,,Landscapes;Roads;Fields;Flowers;Hills,,,,,,,,,image,/objects/acm_034.png,,,,,,
acm_035,Untitled,,,,acrylic on canvas,Still life of a large slice of watermelon on a decorated plate with a knife beside it.,ACM.2022.021,8 x 10 in.,,,Still lifes;Watermelons;Fruit;Knives;Plates,,,,,,,,,image,/objects/acm_035.png,,,,,,
acm_036,Untitled,,2007,FALSE,watercolor on paper,"Small landscape with leafy branches framing a distant body of water beneath a pale lavender and yellow sky, with birds in flight.",ACM.2007.003,4 x 6 in.,,,Landscapes;Water;Birds;Trees;Sky,,,,,,,,,image,/objects/acm_036.png,,,,,,
acm_037,Thrashers,Harry Maddox,1984,FALSE,watercolor on paper,Study of three brown-and-white thrashers perched among leafy branches and berries.,ACM.1984.001,12 x 17 in.,,,Birds;Thrashers;Branches;Berries;Nature,,,,,,,,,image,/objects/acm_037.png,,,,,,
acm_038,Under Glass,Gerald Marley,,,watercolor on paper,Still life of pale flowers arranged in a rounded white vase against a dark blue background.,ACM.2022.022,16 x 18 in.,,,Still lifes;Flowers;Vases,,,,,,,,,image,/objects/acm_038.png,,,,,,
acm_039,Falling Colors,,,,Acrylic and shellac on Paper,"Abstract composition of overlapping red, orange, green, and blue forms with glossy, layered surfaces.",ACM.2022.023,11 x 14 in.,,,Abstract art;Color;Geometric forms,,,,,,,,,image,/objects/acm_039.png,,,,,,
acm_040,Untitled,Laurel Schoolar,,,Oil pastel on paper,Stylized still life of multicolored flowers in a rounded vase against a dark ground.,ACM.2022.024,8 x 10 in.,,,Still lifes;Flowers;Vases,,,,,,,,,image,/objects/acm_040.png,,,,,,
acm_041,"Gymnasts for Peace, Kyoto, Japan",Susan Brumfiled,1981,FALSE,Photograph,"Photograph showing a very large group of gymnasts arranged in repeated rows across an open field in Kyoto, Japan.",ACM.1981.001,8 x 10.5 in.,,,Photography;Gymnastics;Athletes;Groups;Kyoto (Japan);Peace,,,,,,,,,image,/objects/acm_041.png,,,,,,
acm_042,Untitled,N P Mauldin,,,Acrylic on canvas,Open landscape with a broad yellow field bordered by green trees beneath a pale sky.,ACM.2022.025,15 x 11 in.,,,Landscapes;Fields;Trees,,,,,,,,,image,/objects/acm_042.jpg,,,,,,
acm_043,Fruit Good and Bad,Landrough Miller,2007,FALSE,Watercolor on paper,"Watercolor still life of assorted orange, green, blue, and purple fruit arranged in a loose cluster.",ACM.2007.004,9.5 x 8 in.,,,Still lifes;Fruit,,,,,,,,,image,/objects/acm_043.jpg,,,,,,
acm_044,Untitled,Mildred Nungester Wolfe,1955,FALSE,Oil on canvas,"Bust-length portrait of a woman with dark hair, red lips, and a white blouse against a warm ochre background.",ACM.1955.001,12 x 16 in.,,,Portraits;Women,,,,,,,,,image,/objects/acm_044.JPG,,,,,,
acm_045,Beholder's Beauty,Jeffrey Yentz,,,Pen on paper,"Detailed pen drawing of a weathered two-story house with porches, brickwork, and surrounding vegetation.",ACM.2022.026,23 x 18 in.,,,Drawings;Architecture;Houses;Porches;Historic buildings,,,,,,,,,image,/objects/acm_045.png,,,,,,
acm_046,Lost Jackson,Jeffrey Yentz,,,Pen on paper,"Color landscape centered on a small waterfall flowing over rocks, with trees and two figures nearby.",ACM.2022.027,23 x 18in.,,,Landscapes;Waterfalls;Rocks;Trees;Figures,,,,,,,,,image,/objects/acm_046.png,,,,,,
acm_047,Houses not homes,Jeffrey Yentz,,,Pen on paper,Detailed pen drawing of a row of closely spaced wooden houses and porches receding into the distance.,ACM.2022.028,18 x 23 in.,,,Drawings;Architecture;Houses;Porches;Neighborhoods,,,,,,,,,image,/objects/acm_047.png,,,,,,
acm_048,Untitled,R T Clerk,2008,FALSE,Pencil on paper,Pencil drawing of a tiger shown in profile from the shoulders up.,ACM.2008.001,24 x 19 in.,,,Drawings;Tigers;Animals;Wildlife,,,,,,,,,image,/objects/acm_048.png,,,,,,
acm_049,Untitled,Laurel Schoolar,1997 reword 2009,TRUE,OIl on canvas,"Colorful rural landscape with a small red building, trees, fence posts, and cultivated rows in the foreground.",ACM.1997.001,22 x 28 in.,,,Landscapes;Rural scenes;Farm buildings;Fields;Trees;Fences,,,,,,,,,image,/objects/acm_049.png,,,,,,
acm_050,Untitled,C Bennett,2008,FALSE,Pencil on paper,"Pencil portrait of a laughing woman with short hair and an open mouth, shown from the shoulders up.",ACM.2008.002,17 x 20 in.,,,Portraits;Women;Laughter,,,,,,,,,image,/objects/acm_050.png,,,,,,
acm_051,Untitled,Laurel Schoolar,,,Watercolor on paper,Loose watercolor still life of multicolored flowers arranged in a rounded blue-green vase.,ACM.2022.029,17 x 21 in.,,,Still lifes;Flowers;Vases,,,,,,,,,image,/objects/acm_051.png,,,,,,
acm_052,Untitled,Benton,1988,FALSE,Acrylic on paper,"Harbor scene with several fishing boats moored beside a dock, their masts reflected in calm blue water.",ACM.1988.001,15 x 22 in.,,,Harbors;Boats;Fishing boats;Docks;Water,,,,,,,,,image,/objects/acm_052.png,,,,,,
acm_053,Untitled,Ann Walker,,,Watercolor on paper,Watercolor of a tan puppy resting among dark shoes and a red patterned cushion or textile.,ACM.2022.030,23 x 16 in.,,,Dogs;Shoes;Textiles,,,,,,,,,image,/objects/acm_053.png,,,,,,
acm_054,Magnolia,Laurel Schoolar,,,Watercolor on Paper,Botanical study of large white magnolia blossoms and green leaves arranged across a pale ground.,ACM.2022.031,24 x 19 in.,,,Magnolias;Flowers;Leaves;Botanical art,,,,,,,,,image,/objects/acm_054.png,,,,,,
acm_055,Untitled,,,,Watercolor on paper,Colorful floral still life with a tall vase of mixed flowers and fruit-like forms set against a bright blue background.,ACM.2022.032,15 x 23 in.,,,Still lifes;Flowers;Vases;Fruit,,,,,,,,,image,/objects/acm_055.png,,,,,,
acm_056,Untitled,MM,2008,FALSE,Oil pastel on paper,Expressive abstract composition of two yellow mask-like forms surrounded by looping green and burgundy lines on a pink ground.,ACM.2008.003,23 x 18 in.,,,Abstract art;Organic forms;Lines,,,,,,,,,image,/objects/acm_056.png,,,,,,
acm_057,Bull Moose Sax,Jeffrey Yentz,,,Pen on Paper,Pen drawing focused on a saxophone and the hands and torso of a musician playing the instrument.,ACM.2022.033,18 x 23 in.,,,Musicians;Saxophones;Musical instruments;Hands,,,,,,,,,image,/objects/acm_057.png,,,,,,
acm_058,Guineas 30 / 100,Ann Bidenbarn Jones,,,Screen print on paper,"Stylized screen print of a group of guinea fowl in patterned black, gray, white, and red plumage.",ACM.2022.034,36 x 25 in.,,,Guinea fowl;Birds;Animals,,,,,,,,,image,/objects/acm_058.png,,,,,,
acm_059,Municipal Art Gallery,Barbard Lee,,,Watercolor and acrylic on paper,"Exterior view of the Municipal Art Gallery with front steps, porch, surrounding trees, and flowering plants.",ACM.2022.035,15 x 14 in.,,,Art galleries;Buildings;Architecture;Porches;Trees,,,,,,,,,image,/objects/acm_059.png,,,,,,
acm_060,Untitled,Rose,,,Watercolor on paper,"Watercolor street scene of one person pushing a shopping cart while another figure stands or rides beside it, with birds in the distance.",ACM.2022.036,7 x 10 in.,,,People;Shopping carts;Street scenes;Birds,,,,,,,,,image,/objects/acm_060.png,,,,,,
acm_061,Festival,Peggy Ederington,,,Acrylic on paper,"Abstract composition of layered orange, red, and brown vertical forms above a geometric base with a circular emblem.",ACM.2022.037,17 x 15 in.,,,Abstract art;Geometric forms;Symbols,,,,,,,,,image,/objects/acm_061.png,,,,,,
acm_062,Flamingo Cover,D Vick,,,Watercolor and glitter on paper,Decorative watercolor of a bright orange flamingo standing among dark green foliage and water.,ACM.2022.038,17 x 24 in.,,,Flamingos;Birds;Water;Plants,,,,,,,,,image,/objects/acm_062.png,,,,,,
acm_063,No Serving,Jeffrey Yentz,,,Pen on paper,"Detailed pen drawing of a tabletop or counter crowded with food baskets, cups, beverage containers, and a 'Now Serving' sign.",ACM.2022.039,23 x 18 in.,,,Still lifes;Food;Beverages;Restaurants;Signs,,,,,,,,,image,/objects/acm_063.png,,,,,,
acm_064,Reservoir Meet,Kenneth M Quinn,1966,FALSE,Watercolor on paper,"Watercolor of a small white boat beside a wooded shoreline, with a modest structure at right.",ACM.1966.001,"28 x 20 """,,,Boats;Trees;Shorelines;Buildings;Water,,,,,,,,,image,/objects/acm_064.png,,,,,,
acm_065,Deep Country,Mildred Nungester Wolfe,1923,FALSE,Watercolor on paper,"Rural landscape with a winding dirt road, fence line, fields, and a small house beneath an overcast sky.",ACM.1923.001,23 x 17 in.,,,Landscapes;Roads;Fences;Fields;Houses,,,,,,,,,image,/objects/acm_065.png,,,,,,
acm_066,Work of Your Hands,Iris Paris,,,Oil on Canvas,"Open landscape with a broad pale field, low tree line, and expansive blue sky.",ACM.2022.040,20 x 16 in.,,,Landscapes;Fields;Trees;Skies,,,,,,,,,image,/objects/acm_066.png,,,,,,
acm_067,Portait of Carol Waller,Karl Wolfe,,,Oil on Canvas,Bust-length portrait of a woman with short dark hair against a softly modeled brown background.,ACM.2022.041,13 x 15 in.,,,Portraits;Women,,,,,,,,,image,/objects/acm_067.png,,,,,,
acm_068,Untitled,Bush,,,Acrylic on Canvas,"Expressionistic wooded landscape with a bright path or clearing winding through dense green, yellow, and blue foliage.",ACM.2022.042,17 x 14 in.,,,Landscapes;Forests;Trees;Paths,,,,,,,,,image,/objects/acm_068.png,,,,,,
acm_069,Untitled,Susan Wellington,,,Watercolor on paper,Single yellow daffodil set against a dark decorative patterned background.,ACM.2022.043,12 x 15 in.,,,Daffodils;Flowers;Floral motifs,,,,,,,,,image,/objects/acm_069.png,,,,,,
acm_070,Untitled,Laurel Schoolar,,,Watercolor and Pen on Paper,"Watercolor still life of a mottled gourd-like vessel, a bowl, and several round fruits arranged on a pale ground.",ACM.2022.044,20.5 x 15 in.,,,Still lifes;Gourds;Bowls;Fruit,,,,,,,,,image,/objects/acm_070.png,,,,,,
acm_071,Untitled,Doris Nunn,1963,FALSE,Watercolor on paper,Watercolor view of a white two-story classical-style house behind a picket fence and trees.,ACM.1963.002,18.5 x 14.5 in.,,,Houses;Architecture;Fences;Trees,,,,,,,,,image,/objects/acm_071.png,,,,,,
acm_072,Untitled,Gary Walters,,,Watercolor on paper,"Watercolor of a weathered wooden house or outbuilding beside shallow water, with a bare tree and reflected forms.",ACM.2022.045,28 x 21 in.,,,Houses;Rural buildings;Trees;Water;Reflections,,,,,,,,,image,/objects/acm_072.png,,,,,,
acm_073,"Ray Scott, Exhibit Chairman MS Art Association",Kenne Ellis,,,Photograph,Black-and-white head-and-shoulders photographic portrait of a man in a dark suit and tie.,ACM.2022.046,13 x 21 in.,,,Portraits;Men;Suits,,,,,,,,,image,/objects/acm_073.png,,,,,,
acm_074,Untitled,W Jackson,,,Oil on canvas,Loose oil landscape of a rocky stream or waterfall running through a green wooded setting.,ACM.2022.047,17 x 23 in.,,,Landscapes;Streams;Rocks;Trees,,,,,,,,,image,/objects/acm_074.png,,,,,,
acm_075,Mrs. W H Waddell,Karl Wolfe,1937,FALSE,Oil on Canvas,Oval formal portrait of an older woman with gray hair wearing a black dress against a pale blue background.,ACM.1937.001,20 x 24 in.,,,Portraits;Women;Older women;Dresses,,,,,,,,,image,/objects/acm_075.png,,,,,,
acm_076,Untitled,J Thigpen,,,Oil on canvas,Still life of red geraniums in a pot and several glass bottles arranged on a windowsill behind decorative ironwork.,ACM.2022.048,23 x 19 in.,,,Still lifes;Geraniums;Flowers;Bottles;Windows,,,,,,,,,image,/objects/acm_076.png,,,,,,
acm_077,Untitled,Mark Jon,1983,FALSE,Oil on canvas,"Mountain landscape with a green lake or meadow in the foreground, trees, and snow-capped peaks beneath a blue sky.",ACM.1983.001,20 x 16 in.,,,Landscapes;Mountains;Lakes;Trees;Snow,,,,,,,,,image,/objects/acm_077.png,,,,,,
acm_078,Untitled,C S Langston,2007,FALSE,Oil on canvas,Close-up painting of a white magnolia blossom and dark green leaves against a deep blue-black background.,ACM.2007.005,18 x 24 in.,,,Magnolias;Flowers;Leaves,,,,,,,,,image,/objects/acm_078.png,,,,,,
acm_079,Springtime,Billy Bacon,1988,FALSE,Oil on Canvas,Abstracted floral composition of clustered red and pink blossoms against a warm yellow-orange field.,ACM.1988.002,20 x 16 in.,,,Flowers;Floral motifs;Abstract art,,,,,,,,,image,/objects/acm_079.png,,,,,,
acm_080,Untitled,Charles Guess,,,Oil on Canvas,"Urban street scene with pedestrians and cars near a tall church or cathedral, with two modern towers visible in the distance.",ACM.2022.049,24 x 30 in.,,,Cityscapes;Streets;Churches;Pedestrians;Automobiles,,,,,,,,,image,/objects/acm_080.png,,,,,,
acm_081,Untitled,Julia Scales,1985,FALSE,Oil on Canvas,Seated portrait of a smiling woman in a pale pink dress posed in a wooden armchair.,ACM.1985.002,24 x 30in.,,,Portraits;Women;Dresses;Chairs,,,,,,,,,image,/objects/acm_081.png,,,,,,
acm_082,Untitled,Norman,1982,FALSE,Oil on Canvas,"Softly painted rural landscape of a dirt road curving past trees, shrubs, and a wooden fence.",ACM.1982.002,24 X 20 in.,,,Landscapes;Roads;Trees;Fences,,,,,,,,,image,/objects/acm_082.png,,,,,,
acm_083,Untitled,Sam McCain,,,Oil on Canvas,"Colorful stylized composition of musicians performing with a large brass horn, set against a red piano and geometric background.",ACM.2022.050,23 x 35 in.,,,Musicians;Brass instruments;Pianos;Music,,,,,,,,,image,/objects/acm_083.png,,,,,,
acm_084,Josh Halbert Gardens,Alfred Nichols,,,Oil on Canvas,"Garden view with curved flower beds, lawns, trees, and a large institutional building in the background.",ACM.2022.051,38 x 40 in.,,,Gardens;Flowers;Landscapes;Buildings,,,,,,,,,image,/objects/acm_084.png,,,,,,
acm_085,Untitled,Eyd Kazert,,,Photograph,"Black-and-white photograph of a large riverboat at a shoreline landing, with a person seated in the foreground.",ACM.2022.052,11 x 14 in.,,,Riverboats;Boats;Rivers;People;Shorelines,,,,,,,,,image,/objects/acm_085.png,,,,,,
acm_086,Potrait of Andew Jackson,Karl Wolfe,1965,FALSE,Oil on Canvas,"Full-length historical portrait of Andrew Jackson in a blue military coat and gold trousers, holding a sword.",ACM.1965.001,41 x 65 in.,,,Portraits;Andrew Jackson;Military uniforms;Swords,,,,,,,,,image,/objects/acm_086.png,,,,,,
acm_087,Boats,Mildred Nungester Wolfe,1942,FALSE,Watercolor on Paper,Watercolor of several small rowboats clustered on choppy water beneath a cloudy gray sky.,ACM.1942.001,22 x 18 in.,,,Boats;Rowboats;Water;Skies,,,,,,,,,image,/objects/acm_087.png,,,,,,
acm_088,Untitled,John Gaddis,c. 1970s,TRUE,Watercolor on Paper,Loose watercolor landscape of a small white building partly obscured by trees beside a rocky stream.,ACM.1970.001,23 x 17 in.,,,Landscapes;Buildings;Trees;Streams;Rocks,,,,,,,,,image,/objects/acm_088.png,,,,,,
acm_089,Untitled,C S Langston,2007,FALSE,Watercolor on satin paper,Decorative composition of peacocks and other birds perched in a flowering tree across a pale ground.,ACM.2007.006,64.5 x 29 in.,,,Peacocks;Birds;Trees;Flowers,,,,,,,,,image,/objects/acm_089.png,,,,,,
acm_090,Untitled,Qasim,,,,"Sparse watercolor landscape with a lone leafy tree, low vegetation, and faint distant forms under a pale sky.",ACM.2022.053,12 x 9 in.,,,Landscapes;Trees;Fields,,,,,,,,,image,/objects/acm_090.png,,,,,,
acm_091,Italian Church,Yvette Sturgis,,,Oil on canvas,Sunlit painting of a small church with a red-tiled roof surrounded by trees and dense garden foliage.,ACM.2022.054,11 x 14 in.,,,Churches;Architecture;Gardens;Trees,,,,,,,,,image,/objects/acm_091.png,,,,,,
acm_092,Untitled,S Dennis,,,Watercolor on Paper/ Maybe a print,"Monochromatic portrait of a woman wearing a patterned headscarf, shown in three-quarter view against a dark brushed background.",ACM.2022.055,12 x 9 in.,,,Portraits;Women;Head coverings,,,,,,,,,image,/objects/acm_092.png,,,,,,
acm_093,Untitled,C S Langston,2005,FALSE,Watercolor on Paper,"Bold watercolor study of a large white magnolia blossom surrounded by green, red, orange, and yellow leaves.",ACM.2005.001,15 x 12 in.,,,Magnolias;Flowers;Leaves;Botanical art,,,,,,,,,image,/objects/acm_093.png,,,,,,
acm_094,Stokeisa,Nancy Looper Gilbert,,,Photograph,Close-up color photograph of a purple stokesia flower and bud against dark green foliage.,ACM.2022.056,15 x 17 in.,,,Stokesia;Flowers;Plants,,,,,,,,,image,/objects/acm_094.png,,,,,,
acm_095,Untitled,,1986,FALSE,Watercolor on Paper,"Watercolor view of a steep-roofed church building marked with a cross, with trees and a walkway in the foreground.",ACM.1986.002,8 x 11 in.,,,Churches;Architecture;Crosses;Trees,,,,,,,,,image,/objects/acm_095.png,,,,,,
acm_096,Fanfare,Lil Brock Alan,,,Watercolor on Paper,"Watercolor landscape of a wooded shoreline with slender trees, marsh grasses, and autumn foliage reflected in calm water.",ACM.2022.057,20 x 14 in.,,,Landscapes;Trees;Water;Marshes;Autumn,,,,,,,,,image,/objects/acm_096.png,,,,,,
acm_097,Gloxenia and Apple,Julia Steadham,,,Watercolor on Paper,"Still life of red gloxinia blossoms and broad green leaves in a woven basket, with a single red apple beside it.",ACM.2022.058,14 x 18 in.,,,Still lifes;Gloxinias;Flowers;Apples;Baskets,,,,,,,,,image,/objects/acm_097.png,,,,,,
acm_098,Untitled,Cathy Crockell,,,Oil pastel on paper,"Three loosely rendered figures stand together near the water's edge, their clothing animated by wind against a pale blue background.",ACM.2022.059,11 x 14 in.,,,Figures;Women;Shorelines;Water,,,,,,,,,image,/objects/acm_098.png,,,,,,
acm_099,Red Yellow Blue,John Derby,,,Acrylic on canvas board,"Still life of a red kettle, a yellow fruit, and a blue-gray rectangular form arranged against a neutral ground.",ACM.2022.060,18 x 14 in.,,,Still lifes;Kettles;Fruit;Geometric forms,,,,,,,,,image,/objects/acm_099.png,,,,,,
acm_100,Blank Walls,John Derby,,,Oil on canvas board,View of low red-brick buildings partly screened by leafy trees and a broad green lawn.,ACM.2022.061,20 x 16 in.,,,Architecture;Buildings;Trees;Lawns;Landscapes,,,,,,,,,image,/objects/acm_100.png,,,,,,
acm_101,Potrait,,,,Oil on canvas board,Bust-length portrait of a woman wearing a red beret and a red-and-white garment against a loosely brushed blue-gray background.,ACM.2022.062,18 x 24 in.,,,Portraits;Women;Hats,,,,,,,,,image,/objects/acm_101.png,,,,,,
acm_102,Potrait,,,,Oil on canvas board,Bust-length portrait of a woman with short dark hair wearing a blue garment against a lavender-gray background.,ACM.2022.063,16 x 20 in.,,,Portraits;Women,,,,,,,,,image,/objects/acm_102.png,,,,,,
acm_103,Potrait,,,,Acrylic on wood board,"Bust-length portrait of a dark-haired woman in a multicolored garment, turned slightly to one side against a pale background.",ACM.2022.064,18 x 22 in.,,,Portraits;Women,,,,,,,,,image,/objects/acm_103.png,,,,,,
acm_104,Potrait,,,,Oil on wood board,Bust-length portrait of a woman with shoulder-length light brown hair wearing a sleeveless white top.,ACM.2022.065,20 x 24 in.,,,Portraits;Women,,,,,,,,,image,/objects/acm_104.png,,,,,,
acm_105,Blond in Lavender,John Derby Kohl,,,Oil on wood board,"Seated portrait of a blonde woman in a lavender blouse, shown with her hands folded in her lap.",ACM.2022.066,21 x 24 in.,,,Portraits;Women;Seated figures,,,,,,,,,image,/objects/acm_105.png,,,,,,
acm_106,Untitled,John Derby Kohl,,,Watercolor on paper,Watercolor view of an industrial complex with tall smokestacks or towers rising above low buildings and vegetation.,ACM.2022.067,18 x 22 in.,,,Industrial landscapes;Factories;Smokestacks;Architecture,,,,,,,,,image,/objects/acm_106.png,,,,,,
acm_107,Pat Fordyce,B A Dudley,1993,FALSE,Oil on canvas,Full-length formal portrait of a woman in a blue suit standing beside an ornate chair against a warm atmospheric background.,ACM.1993.001,48 x 40 in.,,,Portraits;Women;Standing figures;Formal dress,,,,,,,,,image,/objects/acm_107.png,,,,,,
acm_108,Thomas Gayle,,1926,FALSE,Oil on canvas,Bust-length formal portrait of a mustached man in a dark blue suit and tie against a pale blue-green background.,ACM.1926.001,16 x 20 in.,,,Portraits;Men;Formal dress,,,,,,,,,image,/objects/acm_108.png,,,,,,
acm_109,Yvette Sturgis,,,,Oil on canvas,Dense floral still life of multicolored blossoms arranged in a light-colored vase on a tabletop.,ACM.2022.068,24 x 30 in.,,,Still lifes;Flowers;Vases,,,,,,,,,image,/objects/acm_109.png,,,,,,
acm_110,Still Life with Brass Bowl,Doric Hakes,,,Oil on canvas,"Still life with a dark ceramic jar, a brass bowl, and several pieces of fruit arranged near a bright window.",ACM.2022.069,12 x 12 in.,,,Still lifes;Bowls;Jars;Fruit,,,,,,,,,image,/objects/acm_110.png,,,,,,
acm_111,Untitled,Effiar?,,,Oil on canvas,Street or storefront scene with several small figures gathered near an open doorway beneath a painted sign.,ACM.2022.070,24 x 22 in.,,,Street scenes;Storefronts;Figures;Buildings,,,,,,,,,image,/objects/acm_111.png,,,,,,
acm_112,Untitled,A. Seak,,,Watercolor on Paper,Watercolor view of sunlit stone steps or a terrace bordered by dense green foliage and a potted flowering plant.,ACM.2022.071,18 x 16 in.,,,Gardens;Steps;Plants;Flowers;Architecture,,,,,,,,,image,/objects/acm_112.png,,,,,,
acm_113,Italian Church II,Yvette Sturgis,,,Oil on canvas,Sunlit church or stone building with warm walls and a red roof rising among tall dark trees and dense vegetation.,ACM.2022.072,11 x 14 in.,,,Churches;Architecture;Trees;Landscapes,,,,,,,,,image,/objects/acm_113.png,,,,,,
acm_114,Abstract,Lisa Paris,,,Oil on Canvas,"Abstract composition of pale gray, cream, and blue washes punctuated by small passages of red, green, and dark pigment.",ACM.2022.073,24 x 18 in.,,,Abstract art;Color;Gestural abstraction,,,,,,,,,image,/objects/acm_114.png,,,,,,
acm_115,Spring,Andrew Bucci,1980,FALSE,,"Abstract composition built from short, repeated strokes of yellow, green, blue, lavender, and orange over a pale ground.",ACM.1980.001,36.5 x 48.5 in.,,,Abstract art;Color;Pattern;Spring,,,,Arts Center of Mississippi,artwork,English,,,image,/objects/acm_115.jpg,,,City of Jackson Permanent Collection,,,
acm_116,Not Gemini,Andrew Cary Young,2023,FALSE,Mixed Media on wood panel,"Two overlapping male heads shown in profile, one rendered in warm gray and the other in blue-gray against a black background.",ACM.2023.001,7 x 13 in.,,,Mixed Media on wood panel;Portraits;Men;Profiles;Double portraits,,,,Arts Center of Mississippi,artwork,English,,,image,/objects/acm_116.png,,,City of Jackson Permanent Collection,,,
acm_117,January Daffodils,Anne Enochs,,,Pastel,Still life of yellow daffodils arranged in a clear glass vase against a muted lavender-gray background.,ACM.2022.074,19.25 x 25.25 in.,,,Pastel;Still lifes;Daffodils;Flowers;Vases,,,,Arts Center of Mississippi,artwork,English,,,image,/objects/acm_117.png,,,City of Jackson Permanent Collection,,,
acm_118,Untitled,B. Dawson,,,,Expressive landscape of palm-like and succulent plants clustered among rocks beneath an intense orange sky.,ACM.2022.075,18 x 22 in.,,,Landscapes;Palm trees;Succulents;Rocks,,,,Arts Center of Mississippi,artwork,English,,,image,/objects/acm_118.png,,,City of Jackson Permanent Collection,,,
acm_120,Autumn,Clo Ann Rabb,,,Oil on rice paper,"Abstract field of layered orange, rust, brown, and ochre forms creating a mottled, organic surface.",ACM.2022.076,39.75 x 30.5 in.,,,Oil on rice paper;Abstract art;Color;Organic forms;Texture,,,,Arts Center of Mississippi,artwork,English,,,image,/objects/acm_120.png,,,City of Jackson Permanent Collection,,,
acm_121,Untitled,CS Cangston,2006,FALSE,,Stylized seated woman leaning against rounded patterned forms while a white-and-black cat walks across the foreground.,ACM.2006.001,24.75 x 20.75 in.,,,Women;Cats;Seated figures;Pattern,,,,Arts Center of Mississippi,artwork,English,,,image,/objects/acm_121.png,,,City of Jackson Permanent Collection,,,
acm_122,Untitled,E. Wolfe,1962,FALSE,,Loosely painted still life of fruit and elongated vessels or containers arranged within an angular interior setting.,ACM.1962.001,26 x 33.75 in.,,,Still lifes;Fruit;Vessels;Containers,,,,Arts Center of Mississippi,artwork,English,,,image,/objects/acm_122.png,,,City of Jackson Permanent Collection,,,
acm_123,The Woman who Fell to Earth,G.A. McCullough,2000,FALSE,Monotype,"Stylized female face framed by red and purple organic forms against a dark, block-patterned background.",ACM.2000.004,19.5 x 21.5 in.,,,Monotype;Women;Faces;Figurative art;Abstract art,,,,Arts Center of Mississippi,artwork,English,,,image,/objects/acm_123.png,,,City of Jackson Permanent Collection,,,
acm_124,Catfish,George Berry,,,Wood carving,"Carved wooden sculpture of a catfish with a broad head, fins, and long barbels.",ACM.2022.077,,,,Wood carving;Sculpture;Fish;Catfish,,,,Arts Center of Mississippi,artwork,English,,,record,,,,City of Jackson Permanent Collection,,,
acm_125,Two Egyptian Dancers,Gray Layton,,,Watercolor on paper,"Two stylized dancing figures constructed from overlapping patterned and geometric shapes in a pale, collage-like composition.",ACM.2022.078,21.5 x 29.5 in.,,,Watercolor on paper;Dancers;Figures;Geometric forms;Pattern,,,,Arts Center of Mississippi,artwork,English,,,image,/objects/acm_125.png,,,City of Jackson Permanent Collection,,,
acm_126,Ligon-Gale Home,H. Radcliffe,,,,,ACM.2022.079,18.125 x 15 in.,,,,,,,Arts Center of Mississippi,artwork,English,,,record,,,,City of Jackson Permanent Collection,,,
acm_127,Untitled,H.C. Wood,,,,"Brightly colored view of a red church and grounds with a roadside sign, trees, and small figures in the foreground.",ACM.2022.080,39 x 40.25 in.,,,Churches;Architecture;Signs;Figures;Landscapes,,,,Arts Center of Mississippi,artwork,English,,,image,/objects/acm_127.png,,,City of Jackson Permanent Collection,,,
acm_128,Eclipse,Janice Hughes,,,,Textured abstract image of a dark circular disk surrounded by a bright halo and radiating marks on a silvery-gray field.,ACM.2022.081,36 x 30 in.,,,Eclipses;Abstract art;Circles;Light,,,,Arts Center of Mississippi,artwork,English,,,image,/objects/acm_128.png,,,City of Jackson Permanent Collection,,,
acm_129,Sunflower River,Jean Oliver,,,,Watercolor landscape of a winding river bordered by dense green vegetation and low trees beneath a pale sky.,ACM.2022.082,18.125 x 22.125 in.,,,Landscapes;Rivers;Water;Trees,,,,Arts Center of Mississippi,artwork,English,,,image,/objects/acm_129.png,,,City of Jackson Permanent Collection,,,
acm_130,Untitled,Karl Wolfe,,,,"Still life with a large bouquet of yellow flowers, a small standing figurine, a book, and a piece of fruit.",ACM.2022.083,23 x 29 in.,,,Still lifes;Flowers;Figurines;Books;Fruit,,,,Arts Center of Mississippi,artwork,English,,,image,/objects/acm_130.png,,,City of Jackson Permanent Collection,,,
acm_131,Untitled,La RIta?,,,,Expressive bust-length portrait of a dark-skinned figure wearing a white sleeveless top against a blue and lavender background.,ACM.2022.084,32.75 x 41 in.,,,Portraits;Figures,,,,Arts Center of Mississippi,artwork,English,,,image,/objects/acm_131.png,,,City of Jackson Permanent Collection,,,
acm_132,Untitled,Lin Paris,,,,,ACM.2022.085,22 x 20 in.,,,,,,,Arts Center of Mississippi,artwork,English,,,record,,,,City of Jackson Permanent Collection,,,
acm_133,Untitled,Marie Hull,,,,"Landscape of slender trees beside a body of water, with small white sailboats visible in the distance.",ACM.2022.086,27.125 x 23.125 in.,,,Landscapes;Trees;Water;Sailboats,,,,Arts Center of Mississippi,artwork,English,,,image,/objects/acm_133.png,,,City of Jackson Permanent Collection,,,
acm_134,Ronald E. McNair,Marshall Bouldin III,1986,FALSE,oil on canvas,Portrait of astronaut Ronald E. McNair seated in a spacecraft cockpit wearing a light-colored flight suit.,ACM.1986.003,66.25 x 66.25 in.,,,oil on canvas;Portraits;Ronald E. McNair;Astronauts;Spaceflight,,,,Arts Center of Mississippi,artwork,English,,,image,/objects/acm_134.png,,,City of Jackson Permanent Collection,,,
acm_135,Progenation,Nate Theisen,2025,FALSE,"Plexiglass, LED spotlight",,ACM.2025.001,,,,"Plexiglass, LED spotlight",,,,Arts Center of Mississippi,artwork,English,,,record,,,,City of Jackson Permanent Collection,,,
acm_136,River Bluff at Vicksburg,Paul Campbell,May 1994,TRUE,,"Panoramic river landscape viewed from a high bluff, with a curving road or path descending through green terrain toward distant water.",ACM.1994.001,33.25 x 18.25 in.,,,Landscapes;Rivers;Bluffs;Roads;Vicksburg,,,,Arts Center of Mississippi,artwork,English,,,image,/objects/acm_136.png,,,City of Jackson Permanent Collection,,,
acm_137,untitled,Pickenpaugh Pottery,,,,"Small wheel-thrown ceramic vessel with a rounded body, narrow neck, and flared rim in layered gray and earth-toned glazes.",ACM.2022.087,,,,Ceramics;Vessels;Pottery,,,,Arts Center of Mississippi,artwork,English,,,record,,,,City of Jackson Permanent Collection,,,
acm_138,Untitled,R. Lee,1985,FALSE,,"Muted landscape of bare, twisting trees beside pale blue water, with ochre banks and distant green land.",ACM.1985.003,30.5 x 24.5 in.,,,Landscapes;Trees;Water;Riverbanks,,,,Arts Center of Mississippi,artwork,English,,,image,/objects/acm_138.png,,,City of Jackson Permanent Collection,,,
acm_139,Untitled,Rick Anderson,1989,FALSE,,"Expressive landscape with a small pink-roofed house near a branching road or stream beneath a broad, clouded sky.",ACM.1989.001,32.25 x 19.25 in.,,,Landscapes;Houses;Roads;Trees,,,,Arts Center of Mississippi,artwork,English,,,image,/objects/acm_139.png,,,City of Jackson Permanent Collection,,,
acm_140,Untitled,Robert O. Webber,1982,FALSE,,Quiet river landscape with a broad stretch of water bordered by a densely wooded bank under a pale sky.,ACM.1982.003,35.25 x 29 in.,,,Landscapes;Rivers;Water;Forests,,,,Arts Center of Mississippi,artwork,English,,,image,/objects/acm_140.png,,,City of Jackson Permanent Collection,,,
acm_141,There's Always Hope for Tomorrow Poster Design,Robin Martéa,2023,FALSE,"Gouache, watercolor, ink, and mixed media on paper","Poster design showing three figures looking at four colorful artworks featuring abstract shapes, flowers, landscape forms, and a radiant sun.",ACM.2023.003,17 x 21 in.,,,"Gouache, watercolor, ink, and mixed media on paper;Poster designs;Art exhibitions;Figures;Museums;Graphic design",,,,Arts Center of Mississippi,artwork,English,,,image,/objects/acm_141.png,,,City of Jackson Permanent Collection,,,
acm_142,Untitled,Laurel Schoolar,,,,,ACM.2022.088,40 x 30 in.,,,2011,,,,Arts Center of Mississippi,artwork,English,,,record,,,,City of Jackson Permanent Collection,,,
acm_143,Untitled,Shor,1967,FALSE,,"Graphite or charcoal drawing of a man and woman in overlapping profile portraits, both facing left.",ACM.1967.001,17.25 x 21.25 in.,,,Portraits;Men;Women;Profiles;Drawing,,,,Arts Center of Mississippi,artwork,English,,,image,/objects/acm_143.png,,,City of Jackson Permanent Collection,,,
acm_144,The Answer Is...,SNAVÉ,2020,FALSE,Digital Photography,"Close-up photograph of rows of glass jars filled with dark amber-red contents, with strong reflections across the glass surfaces.",ACM.2020.001,18 x 22 in.,,,Digital Photography;Photography;Glass jars;Reflections;Still lifes,,,,Arts Center of Mississippi,artwork,English,,,image,/objects/acm_144.png,,,City of Jackson Permanent Collection,,,
acm_145,Captain Jackson Character Design,Stephen Butler (JXN Comics),2022,FALSE,Ink on Paper,Ink character design of a muscular male superhero standing frontally in a cape and fitted costume with a star emblem.,ACM.2022.089,8.5 x 11 in.,,,Ink on Paper;Character design;Superheroes;Men;Costumes;Comics,,,,Arts Center of Mississippi,artwork,English,,,record,/objects/acm_145.png,,,City of Jackson Permanent Collection,,,
acm_146,The Empty House,Vadah Cochran,,,,"Nighttime view into the illuminated doorway of a house, where a small solitary figure stands deep within the interior.",ACM.2022.090,27 x 32.5 in.,,,Houses;Doorways;Interiors;Figures;Night,,,,Arts Center of Mississippi,artwork,English,,,image,/objects/acm_146.png,,,City of Jackson Permanent Collection,,,
acm_147,Untitled,Yentz,,,,"Pen-and-ink portrait of a seated musician playing guitar, labeled 'Mississippi John Hurt,' against a densely hatched outdoor background.",ACM.2022.091,33.25 x 27.75 in.,,,Portraits;Mississippi John Hurt;Musicians;Guitars;Blues,,,,Arts Center of Mississippi,artwork,English,,,image,/objects/acm_147.png,,,City of Jackson Permanent Collection,,,
acm_148,King Remembered in Time,Adrienne Domnick,2017,FALSE,Acrylic on Canvas,"Graphic side-profile portrait of a Black man in a wide-brimmed hat, rendered in flat black and purple shapes against a lavender ground.",ACM.2017.002,30 x 40 in.,"Adrienne Domnick is a multidisciplinary artist from Mississippi whose work is an exploration of celebrating black culture. She is best known for her large-scale hard-edge portraits. Her creative path weaves narratives that honor the resilience and creativity of black heroes, aiming to inspire and deepen society’s understanding of their impact.","""It represents my art style and where I'm from""
  
 

  ""My work highlights significant points in black culture. I use portraiture as a way to identify our black heroes in music, art, and advocacy. Revealing themes of vulnerability, raw emotions, and identity. My work is an exploration of high contrast imagery and hard edge shapes on various surfaces. Redefining blank spaces by manipulating light and darkness with bold colors within my composition. """,Exhibition 2024;Acrylic on Canvas;Portraits;Men;Hats;Profiles;Graphic art,,,,Arts Center of Mississippi,artwork,English,,,image,/objects/acm_148.png,,"Artist Bio:
  Adrienne Domnick is a multidisciplinary artist from Mississippi whose work is an exploration of celebrating black culture. She is best known for her large-scale hard-edge portraits. Her creative path weaves narratives that honor the resilience and creativity of black heroes, aiming to inspire and deepen society’s understanding of their impact.
  
  
 

  Social / Website:
  Website: www.adriennedomnick.art 
  
  
 

  Instagram: adriennedomnick
  
  
 

  Exhibition Text:
  Since 2011, Adrienne Domnick has developed her artistic craft through a variety of mediums. As a multidisciplinary artist, Domnick creates work that responds to the social environment she grew up and lives in today. Inspired by the idea of the less focused “b-side” of records, this exhibition explores an ongoing journey and creative project that Domnick has worked on since the beginning of her artistic career. B SIDES serves as a cultural archive and music catalog delivered through a dynamic and bold series of paintings. This exhibition visually delivers a story of growth; growth of the artist and of the cultural impact of the musical artists featured. Domnick’s large scale paintings elevate her subjects to a larger than life status, lifting up the subject and memorializing these artists’ legacy and influence on the world around them. As a self described archivist, Domnick draws from an extensive record of music, books, and fashion when creating her art; striving to document and preserve Black culture in all of her work.",City of Jackson Permanent Collection,,,
acm_150,FVLLING,Fooly,2023,FALSE,Acrylic on canvas,Grayscale figure shown falling backward through a dark circular or spiraling field.,ACM.2023.005,48 x 30 in.,"Tyler Goliday is an artist from Starkville, Mississippi, known for his portraits in acrylic paint. His mastery of grisaille brings his subjects to the forefront, commanding attention against the vibrantly colored or intricately patterned backgrounds that define his pieces. Goliday's talent has been recognized in several prestigious venues. His debut was marked by his participation in the Municipal Art Gallery's (Re)mediation show, in Jackson, Mississippi. Further establishing his place in the art community, Goliday's work was featured on the cover of Jackson State University's Journal of Art and Theatre, and he has also been a notable participant in The Mashup, a platform for young, Black creatives in Mississippi. Additionally, his art was selected for exhibition at the Mississippi Museum of Art in Jackosn, showasing his growing influence and broad appeal of his work.","VLLING examines the themes of chaos and control, disorientation, and the human instinct to grasp for stability. The subject is captured in mid-fall, surrounded by a swirling vortex of sharp, jagged patterns that evoke a sense of spiraling descent. The grayscale subject, dressed in casual contemporary attire, reaches out against the oppressive black and white maelstrom, providing a stark contrast to the tumultuous backdrop.
  
 

  The feeling of movement is palpable, drawing the viewer into the unsettling experience of losing one's footing. The artwork is a masterful depiction of the sudden shifts that can occur in life's trajectory, the unpredictable moments that upend balance and certainty. Goliday's use of perspective and the illusion of depth creates a realistic sensation of falling, inviting empathy and reflection on the viewer's own experiences with upheaval and the fight for composure amidst life's challenges.",Exhibition 2024;Acrylic on canvas;Figures;Falling;Spirals;Contemporary art,,,,Arts Center of Mississippi,artwork,English,,,image,/objects/acm_150.png,,"Artist Bio:
  Tyler Goliday is an artist from Starkville, Mississippi, known for his portraits in acrylic paint. His mastery of grisaille brings his subjects to the forefront, commanding attention against the vibrantly colored or intricately patterned backgrounds that define his pieces. Goliday's talent has been recognized in several prestigious venues. His debut was marked by his participation in the Municipal Art Gallery's (Re)mediation show, in Jackson, Mississippi. Further establishing his place in the art community, Goliday's work was featured on the cover of Jackson State University's Journal of Art and Theatre, and he has also been a notable participant in The Mashup, a platform for young, Black creatives in Mississippi. Additionally, his art was selected for exhibition at the Mississippi Museum of Art in Jackosn, showasing his growing influence and broad appeal of his work.
  
  
 

  Social / Website:
  Insta: fooly.444
  
  
 

  Exhibition Text:
  Original Label:
  FVLLING is a dynamic and evocative painting that delves into the themes of chaos and control, disorientation, and the human instinct to grasp for stability. The subject is captured in mid-fall, surrounded by a swirling vortext of sharp, jagged patterns that evoke a sense of spiraling descent. The grayscale sujet, dressed in casual contemporary attire, reaches out against the oppressive black and white maelstrom, providing a stark contrast to the tumultuous backdrop. The feeling of movement is palpable, drawing the viewer into the unsettling experience of losing one's footing. The artwork is a masterful depiction of the sudden shifts that can occur in life's trajectory. The unpredictable moments that upend balance and certainty. Fooly's use of perspective and the illusion of depth that creates a realistic sensation of falling, inviting empathy and reflection on the viewer's own experiences with upheaval and the fight for composure amidst life's challenges.",City of Jackson Permanent Collection,,,
acm_151,distørtiøn2,JBUCK,2023,FALSE,Acrylic and tempera on canvas,"Highly expressive composition of red, orange, black, and purple forms suggesting a distorted figure or creature with elongated limbs.",ACM.2023.006,20 x 20 in.,,,Exhibition 2024;Acrylic and tempera on canvas;Abstract art;Figures;Distortion;Expressionism,,,,Arts Center of Mississippi,artwork,English,,,image,/objects/acm_151.png,,"Social / Website:
  Insta: jbuck.the.artist",City of Jackson Permanent Collection,,,
acm_153,Wind over Water,Lucie Wren Cooper,2024,FALSE,Ink pen on paper,Abstract drawing of layered teal and blue-green wave-like forms flowing across a pale ground.,ACM.2024.001,12 x 10 in.,"Lucie Wren Cooper is a Jackson, MS native seeking solace in the beauty of her surroundings. After attending the MS School of the Arts in 2019, she began diving into solo studio work and pursuing a life dedicated to storytelling through imagery and music as well as learning the intricate craft of stained glass. Her practice revolves around the admiration of simple beauty, nature, the mundane, dreams, and nostalgia. Lucie’s paintings manifest in a fairly nonobjective way, but are always tied to memories of places, people, and light through use of acrylic on water soaked raw canvas and oil paints.",,Exhibition 2024;Ink pen on paper;Abstract art;Water;Waves;Organic forms,,,,Arts Center of Mississippi,artwork,English,,,image,/objects/acm_153.png,,"Artist Bio:
  Lucie Wren Cooper is a Jackson, MS native seeking solace in the beauty of her surroundings. After attending the MS School of the Arts in 2019, she began diving into solo studio work and pursuing a life dedicated to storytelling through imagery and music as well as learning the intricate craft of stained glass. Her practice revolves around the admiration of simple beauty, nature, the mundane, dreams, and nostalgia. Lucie’s paintings manifest in a fairly nonobjective way, but are always tied to memories of places, people, and light through use of acrylic on water soaked raw canvas and oil paints.
  
  
 

  Social / Website:
  Insta: luciewrencooper",City of Jackson Permanent Collection,,,
acm_154,"Crepe Myrtle, Laurel St Park (Summer 2024)",Victoria Meek,2024,FALSE,Oil on canvas,Close view of a grove of crepe myrtle trees with vivid orange-red trunks surrounded by dense green foliage.,ACM.2024.002,11.5 x 14.5 in.,"Victoria Meek was raised in Meridian, Mississippi and has been based in Jackson since 2017. She received a B.F.A. in Painting & Drawing from the University of Southern Mississippi. And an M.A. in Museum Studies from New York University. Victoria has been in group exhibitions at Peter Freeman, Inc, New York; Pearl River Glass Studio; and Millsaps College. “Trees” is her first solo show. This Municipal Art Gallery exhibition focuses on drawings & paintings of trees or things in relationship with them. Much of the work was made between 2023-24, a period Victoria dedicated to observing and imagining trees in Jackson.","""It's a tree from a lovely park in the city.""",Exhibition 2024;Oil on canvas;Landscapes;Crepe myrtles;Trees;Parks,,,,Arts Center of Mississippi,artwork,English,,,image,/objects/acm_154.png,,"Artist Bio:
  Victoria Meek was raised in Meridian, Mississippi and has been based in Jackson since 2017. She received a B.F.A. in Painting & Drawing from the University of Southern Mississippi. And an M.A. in Museum Studies from New York University. Victoria has been in group exhibitions at Peter Freeman, Inc, New York; Pearl River Glass Studio; and Millsaps College. “Trees” is her first solo show. This Municipal Art Gallery exhibition focuses on drawings & paintings of trees or things in relationship with them. Much of the work was made between 2023-24, a period Victoria dedicated to observing and imagining trees in Jackson.
  
  
 

  Social / Website:
  instagram: v.r.meek
  
  
 

  Exhibition Text:
  Trees is a focused exploration of the natural environment of central Mississippi through the eyes of Victoria Meek. Finding peace and restoration in nature is key to Meek’s practice; working in Jackson, Mississippi, Meek observes her surrounding environment with a keen interest in the accessibility of trees and their reliable presence as subjects for her work. When selecting a model Meek considers details such as the sway and movement of the tree, seeing them as dancers with their own sense of identity and drama. In addition to the natural world Meek is inspired by tradition defying artists such as Edouard Manet and Pierre Bonnard and like them Meek works en plein air observing her environment. Meek also finds inspiration in contemporary artists such as Jennifer Packer whose intentional incompleteness in her work aligns with Meek’s priority of creative process over the finished product in her artistic practice. In this exhibition Meek presents a collection of recent oil paintings, watercolors, and pencil drawings which despite the traditional medium explore her natural surroundings through a uniquely personal viewpoint.",City of Jackson Permanent Collection,,,
acm_155,Channel 3 (graphics on tv),Brenden Davis,2023,FALSE,"mixed media, acrylic, oil pastel, and graphite on wood board","Layered mixed-media composition with a bent human figure, screen-like rectangular forms, drawing, and overlapping red, green, and black marks.",ACM.2023.007,24 x 36.5 in.,"Brenden Davis (b. 1997) is a multidisciplinary artist based in Jackson, Mississippi, working across painting, graphic design, and animation. Davis explores surrealism, abstraction, and interpersonal experience, focusing on self-perception and social dynamics. Drawing from personal history and cultural influences, they create abstract figures and dreamlike landscapes that challenge societal narratives and invite viewers into alternate realities. Through their work, Davis seeks to captivate, provoke reflection, and foster meaningful dialogue.","This piece was created during my time working as a graphic artist at WLBT 3 News, one of central Mississippi's most iconic media institutions. Channel 3 (graphics on tv) captures a moment of lived experience shaped by the unique intersections of creative labor, media production, and Southern identity. It also contributes to the preservation of local narratives and honors the creative workers behind the scenes of Mississippi’s creative media landscape.
  
 

  Created during my time as a graphic artist for WLBT 3 News, Channel 3 (graphics on tv) is a layered meditation on media labor, digital overload, and representation. A hunched figure stretches toward a laptop, surrounded by fragments of broadcast graphics, color marks, and overlapping forms. Elements of television production, such as the “title safe” overlay used to frame on-screen content, are repurposed as visual motifs that underscore the tension between clarity and constraint. The piece reflects on the often-invisible labor behind what becomes visible.","Exhibition 2025;mixed media, acrylic, oil pastel, and graphite on wood board;Mixed media;Figures;Television;Screens;Contemporary art",,,,Arts Center of Mississippi,artwork,English,,,image,/objects/acm_155.png,,"Artist Bio:
  Brenden Davis (b. 1997) is a multidisciplinary artist based in Jackson, Mississippi, working across painting, graphic design, and animation. Davis explores surrealism, abstraction, and interpersonal experience, focusing on self-perception and social dynamics. Drawing from personal history and cultural influences, they create abstract figures and dreamlike landscapes that challenge societal narratives and invite viewers into alternate realities. Through their work, Davis seeks to captivate, provoke reflection, and foster meaningful dialogue.
  
  
 

  Social / Website:
  brendendavis.com
  
  
 

  Exhibition Text:
  Memory Corrupted: An Exploration of Time and Perception offers a carefully curated time capsule representing snapshots of artist Brenden Davis’ life experiences. Inspired by the way memories blur and reshape as time moves forward, Davis challenges expectation and creates complex visual narratives that breathe new life into traditional surrealist motifs. In these works Davis studies time and how his perception of the world around him has changed over the past eight years of his life. As an artist working with many mediums–including paint, clay, paper, and digital media–Davis is able to literally cut up and rearrange these visual representations of his memories and experiences to create a new, distorted interpretation of his journey through life. The vivid colors, chaotic style, and surreal nature of Davis’ work creates an opportunity for the viewer to find personal connections within the imagery despite the deeply personal nature of this archive.",City of Jackson Permanent Collection,,,
acm_156,Pretty Eyes,Bro. Shambé Jones,2025,FALSE,baby onesie and acrylic paint,"Baby onesie transformed into an artwork with a painted portrait of a young child, a purple flower at the hair, and an attached rose below.",ACM.2025.002,17 x 20.75 in.,"Shambé Jones was born in the Midwest region. Champaign-Urbana Illinois where he started his creative journey at the age of 5. He grew up in a family full of artists, musicians, seamstresses, carpenters, photographers, farmers etc. There were also family friends who influenced his growth as an artist. He has always been inspired by music and nature and uses both of these muses to guide his process of creating. Visual art was the way in which he expressed not only how he interpreted the world, but it allowed him to vision the world the way he wanted to see it. 
  
 

  By the time he reached high school, he began entering illustration contests and the arts is how he spent much of his time. Working to perfect his skills and find which platform would be his focus, he attended Jackson State University, where he earned a B.A. in Fine Arts. 
  
 

  During his matriculation, he participated in the Jackson State University study abroad program in Côte D’Ivorie, Africa, where he spent the summer studying various forms of craftwork like sculpting, ceramics, brass casting, batik dying among other crafts. By way of Drew University this experience tremendously influenced his creativity and kinship to pyrography. He taught himself this art form in the year 2000 after being drawn to the handcraft skills he learned from the people of Coté D’Ivorie and natural elements (wood) that could be turned into art while being easily accessible. While pyrography is the visual art form that he is most drawn to, he continues to further his skills in painting, sculpture, ceramics, and mixed media. 
  
  His process of creating work depends on what medium he’s using. It usually starts with ideas that are formed in his mind. Once there is a blueprint of what's to be done, additional study, planning and or research is next to guide and influence the work. The next step is to gather all material that is needed to create the piece visualized. After gathering the materials his next process is to prepare the surface to be burned, painted, drawn on or created with. This could be anything from sanding, priming, or putting a basic sketch on a canvas or paper. During this process he gets his atmosphere together so that he has a good positive environment to work in, which usually involves nice music and incense.",,Exhibition 2025;baby onesie and acrylic paint;Children;Portraits;Clothing;Flowers;Assemblage,,,,Arts Center of Mississippi,artwork,English,,,image,/objects/acm_156.png,,"Artist Bio:
  Shambé Jones was born in the Midwest region. Champaign-Urbana Illinois where he started his creative journey at the age of 5. He grew up in a family full of artists, musicians, seamstresses, carpenters, photographers, farmers etc. There were also family friends who influenced his growth as an artist. He has always been inspired by music and nature and uses both of these muses to guide his process of creating. Visual art was the way in which he expressed not only how he interpreted the world, but it allowed him to vision the world the way he wanted to see it. 
  
  
 

  By the time he reached high school, he began entering illustration contests and the arts is how he spent much of his time. Working to perfect his skills and find which platform would be his focus, he attended Jackson State University, where he earned a B.A. in Fine Arts. 
  
  
 

  During his matriculation, he participated in the Jackson State University study abroad program in Côte D’Ivorie, Africa, where he spent the summer studying various forms of craftwork like sculpting, ceramics, brass casting, batik dying among other crafts. By way of Drew University this experience tremendously influenced his creativity and kinship to pyrography. He taught himself this art form in the year 2000 after being drawn to the handcraft skills he learned from the people of Coté D’Ivorie and natural elements (wood) that could be turned into art while being easily accessible. While pyrography is the visual art form that he is most drawn to, he continues to further his skills in painting, sculpture, ceramics, and mixed media. 
  
  His process of creating work depends on what medium he’s using. It usually starts with ideas that are formed in his mind. Once there is a blueprint of what's to be done, additional study, planning and or research is next to guide and influence the work. The next step is to gather all material that is needed to create the piece visualized. After gathering the materials his next process is to prepare the surface to be burned, painted, drawn on or created with. This could be anything from sanding, priming, or putting a basic sketch on a canvas or paper. During this process he gets his atmosphere together so that he has a good positive environment to work in, which usually involves nice music and incense.
  
  
 

  Exhibition Text:
  As an artist, Shambé creates art because he sees art as life. He feel that everything has a
  design and purpose. He also creates art based on history that he has studied, nature, and
  some of the materials that are used. His aim is to tap into the viewers subconscious and bring
  forth healing visually.
  He work in a variety of mediums but mostly in pyrography which is the burning of an image
  onto a surface ( mostly wood and sometimes leather) with a hot metal tip. Many times he has
  ideas that he wants to do , but he also lets the markings in the wood guide him in what image
  he’s going to create. For Shambé , every mark is intentional. Wood selection is also important to
  him. To help the environment he often use recycled materials donated from other artists and
  craftspeople. With this medium one of his biggest challenges is adding color to the wood without
  taking away from the sight of the wood grain itself. He doesn't want it to look like it has been
  painted. He overcame this problem by using wood stains.
  While using wood stain another problem occurred. He had to figure out a way to keep the
  stain from running and going into places where it’s not wanted. Painters tape works but he has
  trained himself to have more control of the stain along with a steady hand",City of Jackson Permanent Collection,,,
acm_157,Light of the Soul,George Sky Miles,,,edited photography,"Edited photograph of a solitary seated figure in a grassy field beneath dense trees, enveloped by soft, hazy light.",ACM.2022.093,17.5 x 14 in.,"Art has been a part of George Miles Jr.’s life since he was in third grade. The artist, who creates art as Sky Miles, works in mediums such as photography, ceramics, watercolors, mixed media and more.
  
 

  “I got into (art) because of my community and my parents,” Miles says. “It was an artist who came in and did a workshop and gave us guidelines, and the teacher was amazed at the project I did based on the tips, so I got the spark early on.”
  
 

  Miles, a Starkville, Miss., native, received his associate’s degree in photojournalism from Hinds Community College in 2000, and went on to attend Jackson State University, where he graduated with a bachelor’s degree in liberal arts in 2002.“I formed a group of artists (that included ones such as Tony Davenport and Josh Hailey), and we started doing shows around the city. That’s when things started to take off; it became like a movement,” he says.Miles has worked for Ask For More Arts, which is a program of Ask For More Jackson (formerly known as Parents for Public Schools of Jackson) for the past seven years and has been its art director for three. The group’s goal is to build a creative foundation for students by incorporating art into the classrooms. He works with all students, from elementary to high school","Multiple piece - smallery framed photograph. Larger empty frame, and table with jars and items. Needs further documentation.",Exhibition 2025;edited photography;Photography;Figures;Trees;Fields;Solitude,,,,Arts Center of Mississippi,artwork,English,,,image,/objects/acm_157.png,Light of the Soul by George Sky Miles,"Artist Bio:
  Art has been a part of George Miles Jr.’s life since he was in third grade. The artist, who creates art as Sky Miles, works in mediums such as photography, ceramics, watercolors, mixed media and more.
  
  
 

  “I got into (art) because of my community and my parents,” Miles says. “It was an artist who came in and did a workshop and gave us guidelines, and the teacher was amazed at the project I did based on the tips, so I got the spark early on.”
  
  
 

  Miles, a Starkville, Miss., native, received his associate’s degree in photojournalism from Hinds Community College in 2000, and went on to attend Jackson State University, where he graduated with a bachelor’s degree in liberal arts in 2002.“I formed a group of artists (that included ones such as Tony Davenport and Josh Hailey), and we started doing shows around the city. That’s when things started to take off; it became like a movement,” he says.Miles has worked for Ask For More Arts, which is a program of Ask For More Jackson (formerly known as Parents for Public Schools of Jackson) for the past seven years and has been its art director for three. The group’s goal is to build a creative foundation for students by incorporating art into the classrooms. He works with all students, from elementary to high school",City of Jackson Permanent Collection,,,
acm_158,Memory's Garden,Greta Koshenina,2023,FALSE,cyanotype digital collage and photogram on archival paper,Two-part cyanotype composition combining botanical silhouettes and garden imagery with a backyard or domestic outdoor scene.,ACM.2023.008,15.25 x 21.5 in.,"Greta Koshenina is a multidisciplinary artist, documentarian, and curator from Water Valley, Mississippi. Koshenina earned a BA in Classics, an MA in Southern Studies, and an MFA in Documentary Expression from the University of Mississippi. Now based in Cleveland, MS, Koshenina is an adjunct professor at Delta State University. Along with Ben Powell and Graham Hamaker, Greta runs ALLUVIAL, a production company dedicated to telling Mississippi stories. Koshenina has received a Mississippi Arts Commission (MAC) Individual Project Grant, a MAC Mini-Grant, and Southern Studies' Sue Hart Award and Lucille and Motee Daniels Award. In July 2025, she showed her work in a solo exhibition at the Arts Center of Mississippi in Jackson, MS. Koshenina’s recent group exhibitions include ‘Heirloom’ at Dogwater Gallery, New Orleans, LA; ‘One Night Stand Motel Art Show,’ Oxford, MS; and ‘Miniatures’ at Bozarts Gallery, Water Valley, MS.","This artwork was one of the first pieces I created in the series that became ""Warping Southern Myths,"" which I exhibited at the Arts Center. The digital collage combines photos of me as a child with a contemporary photograph of my friend Macon's backyard, located across the street from my parents' house, where I grew up, in Water Valley. As I ran across the street to hang out with him and my boyfriend, I reflected on the symbolism of remaining in the same place through different stages of life and the importance of play and joy. The top print includes photograms of flowers from my mom's garden and Macon's yard.
  
 

  I'm deeply inspired by place, and when I created this piece, I was meditating on the meaning of home and how it shifts over time. I have called many places home over the years, but Water Valley's streets and woods hold childhood memories that are at once vivid and surreal like mythological tales. I look at the images of myself from years past, and I feel a tenderness for my younger self. This piece was inspired by a dream I had years ago, where I met my 5-year-old self in a field of wildflowers. This was a healing and transformative experience and dream, and since then, I have felt that version of Little Greta at peace.",Exhibition 2025;cyanotype digital collage and photogram on archival paper;Cyanotypes;Photograms;Plants;Gardens;Domestic spaces,,,,Arts Center of Mississippi,artwork,English,,,image,/objects/acm_158.png,,"Artist Bio:
  Greta Koshenina is a multidisciplinary artist, documentarian, and curator from Water Valley, Mississippi. Koshenina earned a BA in Classics, an MA in Southern Studies, and an MFA in Documentary Expression from the University of Mississippi. Now based in Cleveland, MS, Koshenina is an adjunct professor at Delta State University. Along with Ben Powell and Graham Hamaker, Greta runs ALLUVIAL, a production company dedicated to telling Mississippi stories. Koshenina has received a Mississippi Arts Commission (MAC) Individual Project Grant, a MAC Mini-Grant, and Southern Studies' Sue Hart Award and Lucille and Motee Daniels Award. In July 2025, she showed her work in a solo exhibition at the Arts Center of Mississippi in Jackson, MS. Koshenina’s recent group exhibitions include ‘Heirloom’ at Dogwater Gallery, New Orleans, LA; ‘One Night Stand Motel Art Show,’ Oxford, MS; and ‘Miniatures’ at Bozarts Gallery, Water Valley, MS.
  
  
 

  Social / Website:
  www.gretakoshenina.com
  
  
 

  insta: gretakoshenina
  
  
 

  Exhibition Text:
  Details fade upon waking from a dream; the mind forgets years of existence. As a multimedia installation artist, my work holds a moment and strips away the details, reminding us that what may seem concrete and captured is liminal and ephemeral. I combine cyanotype, film, and poetry in my installations, creating an immersive experience that guides the audience through a meditation on the soft underbelly of family mythology.
  
  
 

  I stitch together cyanotypes printed on antique linens and archival paper to form cyanotype collages. My clumsy red stitches stand out, symbolizing the loss of a traditional, generational craft in my family.
  
  
 

  My work explores the connection between spirit and the subconscious, as well as the personal and the universal. My art represents a journey to understand religion and spirituality from my perspective rather than a rigid viewpoint. I remain in Mississippi and retrace my past. I weave my narrative with collective symbolism: dream iconography, Madonna motifs, plant materials, and family photographs. My artistic practice is rooted in rituals that deepen my connections with family, friends, and community. As an archaeologist of memories and dreams, I examine culture and my family’s story through a spiritual lens.",City of Jackson Permanent Collection,,,
acm_159,In Spite of My Devotion,H.I. Green,2024,FALSE,acrylic paint and dirt from MS on wood panel,Standing figure seen from behind facing a luminous field of swirling green and yellow forms above a dark blue ground.,ACM.2024.003,36 x 72 in.,"H. I. Green (1999) is a multidisciplinary artist from Madison, Mississippi. They obtained a bachelor of arts at Millsaps College in 2021 and have recently completed Mount Royal school of Art Multidisciplinary Program at the 
  Maryland Institute College of the Arts (MICA) in Baltimore, MD, earning their MFA.
  
 

  Having started as a painter, using mostly acrylic paint and oil pastels, Green has 
  expanded their practice through a multitude of medioms including printmaking, 
  bookmaking, fiber, wood, and sculptural forms. Throughout their time in grad school Green explored themes of familial origins, displaced longing, and systematically aroused confusion, and the antics of being raised in the black religious south.","Because it was one of the first works made in this exhibition and my graduate thesis body of work.
  
 

  This work was created in response to thinking of the familiar land in which my parents have grown up on, and the land where my paternal grandmothers house used to be. Well, also, considering my southern Baptist upbringing in the way it's influence haunts my being and actions today. The rapture like visuals give old to not only the effects of religious fears, but the ever existence of change and transitions.",Exhibition 2025;acrylic paint and dirt from MS on wood panel;Figures;Abstract art;Light;Spirituality,,,,Arts Center of Mississippi,artwork,English,,,image,/objects/acm_159.png,,"Artist Bio:
  H. I. Green (1999) is a multidisciplinary artist from Madison, Mississippi. They obtained a bachelor of arts at Millsaps College in 2021 and have recently completed Mount Royal school of Art Multidisciplinary Program at the 
  Maryland Institute College of the Arts (MICA) in Baltimore, MD, earning their MFA.
  
  
 

  Having started as a painter, using mostly acrylic paint and oil pastels, Green has 
  expanded their practice through a multitude of medioms including printmaking, 
  bookmaking, fiber, wood, and sculptural forms. Throughout their time in grad school Green explored themes of familial origins, displaced longing, and systematically aroused confusion, and the antics of being raised in the black religious south.
  
  
 

  Social / Website:
  insta: h.i.green_
  
  
 

  Exhibition Text:
  Drawn to the religious and spiritual patterns of the past, H.I. Green uses these motifs to to understand those of the potential patterns of the future as a tool to understand themself and those around them more deeply. In their cyanotype work they recall memories of their own and call on the memories and experiences of their parents, grandparents, and ancestral family. The negative collages for the cyanotype exposures are made using personal imagery from family archives, and then layered with symbolism found in contemporary imagery–both candid and staged–to create exaggerated scenes of traditions and to document the transitions from past to present, looking to the future. Through the use of cyanotype, familial archives, and animated media the artist reflects on the lives, spaces, and places that have surrounded them and others throughout their life in Mississippi. Americana themes perpetuate Green’s work, both in imagery and color choices. This deep connection with Mississippi and its complicated history within our country drives the artist’s exploration of the Black, southern religious aesthetics and rituals that have begged to be expressed through their artistic mind.",City of Jackson Permanent Collection,,,
acm_160,Character Formation,Joe,2025,FALSE,Acrylic on watercolor canvas,Abstract composition of energetic dark blue calligraphic and graffiti-like marks layered across a pale background.,ACM.2025.003,31 x 41.25 in.,"Joe Smiley (born September 10, 1988 in Mobile, AL)) is an artist based in Jackson, MS,
  specializing in contemporary drawing. Working primarily on paper with ink and acrylic
  paint markers, Smiley is best known for a distinctive calligraphic visual language
  composed of abstract symbols, shapes, and characters reminiscent of ancient writing.
  Exploring the magic and mystery of esoteric symbols and texts, Smiley investigates
  their ability to convey ideas and emotions through their graphic nature alone. Characterized by intricate compositions and rhythmic patterns, the work reflects a deep engagement with the expressive potential of abstract mark-making. Through various projects and series, Smiley bridges the gap between language and visual art, evoking a sense of universality and timelessness.","""I thought it was one of the strongest pieces from my solo exhibition, ""Twilight of the Heenka-Bo"", and a good showcase of my spontaneous approach to artmaking. This piece draws on my keen interest language, handwriting, ancient history, and automatism in art.""",Exhibition 2025;Acrylic on watercolor canvas;Abstract art;Calligraphy;Graffiti;Line,,,,Arts Center of Mississippi,artwork,English,,,image,/objects/acm_160.png,,"Artist Bio:
  Joe Smiley (born September 10, 1988 in Mobile, AL)) is an artist based in Jackson, MS,
  specializing in contemporary drawing. Working primarily on paper with ink and acrylic
  paint markers, Smiley is best known for a distinctive calligraphic visual language
  composed of abstract symbols, shapes, and characters reminiscent of ancient writing.
  Exploring the magic and mystery of esoteric symbols and texts, Smiley investigates
  their ability to convey ideas and emotions through their graphic nature alone. Characterized by intricate compositions and rhythmic patterns, the work reflects a deep engagement with the expressive potential of abstract mark-making. Through various projects and series, Smiley bridges the gap between language and visual art, evoking a sense of universality and timelessness.
  
  
 

  Social / Website:
  Instagram: zonderbar
  
  
 

  Exhibition Text:
  Sacred Writings from an Unknown Era is the debut exhibition of writer and artist, Joe Smiley. This exhibition marks the nearly five year anniversary since the Covid-19 pandemic uprooted so many lives and started Joe’s journey with his visual arts career. In this exhibition Joe explores the graphic nature of language and writing through an imagined codex of symbols and alphabet-esque shapes that bring to mind ancient and forgotten languages. These abstract paintings on paper evoke a sense of age as they reference early cave drawings and hieroglyphic calligraphy while still feeling familiar to a modern audience with their bright colors and expressive brush strokes. Inspired not only by ancient languages, but also by more contemporary references such as 90s cartoons and Kieth Haring, Joe hopes to bring the viewer on a journey through time as you view this series of paintings.",City of Jackson Permanent Collection,,,
acm_161,Sam Cooke,Kira Cummings,2025,FALSE,"pyrography pens, pencil, charcoal, on wood panel","Detailed wood-burned portrait of singer Sam Cooke in a suit and tie, shown from the shoulders up.",ACM.2025.004,10 x 10 in.,"Kira Cummings is a multi-medium artist adept in an array of disciplines; painting, pyrography, photography, videography, graphic design, and animation. A Fine Art graduate of Jackson State University with a Minor in Graphic Design, Cummings holds a membership in the Craftsmen’s Guild of Mississippi for pyrography and the Louisiana Crafts Guild . Cummings is the Creative Director for The Works where she creates video and animation for musicians, interview programs, and corporate promotions as well as producing live events.","I chose to donate this piece because it was one of the standout works in the exhibition, and since many people are familiar with Sam Cooke, I felt it would resonate widely","Exhibition 2025;pyrography pens, pencil, charcoal, on wood panel;Portraits;Sam Cooke;Singers;Musicians;Pyrography",,,,Arts Center of Mississippi,artwork,English,,,image,/objects/acm_161.png,,"Artist Bio:
  Kira Cummings is a multi-medium artist adept in an array of disciplines; painting, pyrography, photography, videography, graphic design, and animation. A Fine Art graduate of Jackson State University with a Minor in Graphic Design, Cummings holds a membership in the Craftsmen’s Guild of Mississippi for pyrography and the Louisiana Crafts Guild . Cummings is the Creative Director for The Works where she creates video and animation for musicians, interview programs, and corporate promotions as well as producing live events.
  
  
 

  Social / Website:
  kiracummingsstudio.com
  
  
 

  insta: kiracummings_studio
  
  
 

  facebook: KiraCummingsStudio
  
  
 

  Exhibition Text:
  Inspired by the remarkable talent that has influenced Mississippi’s history and culture, artist Kira Cummings highlights the accomplishments and contributions of notable Mississippians in Mississippi Icons. Using pyrography, Cummings carefully details the portraits of nineteen individuals who have either grown up or made an impact on the history of our state. 
  
  
 

  “My work explores the intersection of history, fame, and craftsmanship through the medium of woodburning. By creating portraits of famous individuals, I aim to capture not only their likeness but also the deeper essence of their public 
  personas—immortalizing their impact in a way that is both tactile and timeless.
  
  
 

  Woodburning, or pyrography, allows me to engage with the subject in a deliberate and thoughtful process. The slow, methodical application of heat to wood contrasts with the often fleeting nature of celebrity, grounding these figures in a raw, organic material that evokes permanence. The grain of the wood interacts with each stroke of heat, adding a unique texture that mirrors the complexity of the human experience, suggesting that behind the polished images of fame are nuanced, multifaceted lives.
  
  
 

  By rendering these figures in wood, I invite the viewer to reflect on the enduring influence of cultural icons, while also questioning the nature of fame itself. What do we preserve? What is lost? Through these portraits, I aim to offer a moment of stillness, where the viewer can engage not just with the surface of celebrity, but with the lasting impact of those who shape our collective imagination.” - Kira Cummings",City of Jackson Permanent Collection,,,
acm_162,Library Series: Welty,Kristen Clark,2025,FALSE,Ink drawing,"Ink portrait of writer Eudora Welty seated at a desk or table, resting her head on one hand.",ACM.2025.005,9 x 11 in.,"Kristen Brandt is a self-taught portraitist and embroidery artist living in the Jackson-Metro area. She began her artistic practice with ink-drawn portraits, exploring techniques for achieving value that developed into a more illustrative than photorealistic style. After the passing of her maternal grandmother, Kristen inherited her grandmother’s sewing tools and materials, which prompted her to go entirely in a new direction. While she had learned the basics of embroidery from her paternal grandmother in her youth, she had not applied the skills in many years. Armed with supplies, instruction, and encouragement from these two important women, Kristen began creating hand embroidered patches with designs heavily inspired by animation from films, anime, and video games. Each patch provided an opportunity to learn a new technique or stitch.
  
 

  She became more confident with a needle in hand and returned to the inked portraits, deciding to re-create them using fabric and thread. The different pieces of fabric are joined together into a single figure and stitched to quilted backgrounds, representing the culmination of a multi-year journey of learning two completely different skills that intertwine seamlessly.
  
 

  The exhibition’s name, Held Together by Thread, challenges the phrase “holding on by a thread,” indicating that something is precariously positioned due to the frailty of thread as a medium. This exhibition explores the ways in which people are connected to each other through common interests and personal experiences, reinforcing those connections using a medium that shows stitching with even a single strand can forge ironclad bonds. Through engaging with this creative process, she formed a deeper appreciation for each of her grandmothers who led her to this medium and forged meaningful connections with other artists represented in this collection.
  
 

  Kristen completed a Masters in Folk Studies at Western Kentucky University in 2016 before starting a job at the Mississippi Arts Commission where she is now the Arts Industry Director. “Held Together by Thread” is the first exhibition of her work.",This was created as part of a series of Author portraits.,Exhibition 2025;Ink drawing;Portraits;Eudora Welty;Writers;Women;Drawing,,,,Arts Center of Mississippi,artwork,English,,,image,/objects/acm_162.png,,"Artist Bio:
  Kristen Brandt is a self-taught portraitist and embroidery artist living in the Jackson-Metro area. She began her artistic practice with ink-drawn portraits, exploring techniques for achieving value that developed into a more illustrative than photorealistic style. After the passing of her maternal grandmother, Kristen inherited her grandmother’s sewing tools and materials, which prompted her to go entirely in a new direction. While she had learned the basics of embroidery from her paternal grandmother in her youth, she had not applied the skills in many years. Armed with supplies, instruction, and encouragement from these two important women, Kristen began creating hand embroidered patches with designs heavily inspired by animation from films, anime, and video games. Each patch provided an opportunity to learn a new technique or stitch.
  
  
 

  She became more confident with a needle in hand and returned to the inked portraits, deciding to re-create them using fabric and thread. The different pieces of fabric are joined together into a single figure and stitched to quilted backgrounds, representing the culmination of a multi-year journey of learning two completely different skills that intertwine seamlessly.
  
  
 

  The exhibition’s name, Held Together by Thread, challenges the phrase “holding on by a thread,” indicating that something is precariously positioned due to the frailty of thread as a medium. This exhibition explores the ways in which people are connected to each other through common interests and personal experiences, reinforcing those connections using a medium that shows stitching with even a single strand can forge ironclad bonds. Through engaging with this creative process, she formed a deeper appreciation for each of her grandmothers who led her to this medium and forged meaningful connections with other artists represented in this collection.
  
  
 

  Kristen completed a Masters in Folk Studies at Western Kentucky University in 2016 before starting a job at the Mississippi Arts Commission where she is now the Arts Industry Director. “Held Together by Thread” is the first exhibition of her work.
  
  
 

  Social / Website:
  insta: @everydaypsyche",City of Jackson Permanent Collection,,,
acm_163,Nebulous,Lucia Duque,2021,FALSE,Acrylic on canvas,"Atmospheric abstract composition of pale pink, cream, gray, and green washes with dark, vehicle-like forms near the lower edge and vertical drips.",ACM.2021.001,18 x 24 in.,"Born in 1984 in Colombia, Lucia Duque is a Spanish artist currently based in Clinton, Mississippi. 
  At the age of four, her family moved to Spain, fleeing the violence that affected Colombia in the 1980s. Her artistic style is a fusion of Latin American and European influences, blending vibrant colors, expressive forms, and deep symbolism.
  She specialized in mural painting at La Palma School of Art in Madrid and completed her studies at the Sevilla School of Art. Throughout her career, she has explored various techniques, focusing on acrylic and watercolor to adapt her approach to different themes. Migration, identity, and human resilience are central to her work, allowing her to tell both personal and collective stories through art. With decades of experience in painting, teaching, and community engagement, Lucia is passionate about collaborative art. She has led large-scale murals with the NGO Haciendo Barrio in Malasaña, Madrid, encouraging community participation through public art. Additionally, she has taught painting in schools, after-school programs, and workshops for underprivileged children, believing in the power of art as a tool for education and empowerment.Her paintings have been exhibited in Spain and the U.S, including solo exhibitions from her Saastah collection at the Osuna Museum in Seville, the Diputación de Málaga, and Espacio Pozas in Madrid, Exhibition “Making Neighborhood” at Conde Duque Center, Madrid Spain, as well as in California, Indianapolis and Pacesetter Gallery in MS. Her work ""Leap of faith"" Was exhibited in 2021 at the Art Party in the Mississippi Museum of art. Her most recent mural, located at 201 Clinton Boulevard, MS.
  Beyond her personal practice, she has coordinated cultural initiatives such as Welcome Donostia in San Sebastián, Spain, along with various art events and community projects. Through her work, she continues to explore universal themes, using art to bridge cultures, foster dialogue, and inspire meaningful connections.",,Exhibition 2025;Acrylic on canvas;Abstract art;Color;Drips;Atmospheric effects,,,,Arts Center of Mississippi,artwork,English,,,image,/objects/acm_163.png,,"Artist Bio:
  Born in 1984 in Colombia, Lucia Duque is a Spanish artist currently based in Clinton, Mississippi. 
  At the age of four, her family moved to Spain, fleeing the violence that affected Colombia in the 1980s. Her artistic style is a fusion of Latin American and European influences, blending vibrant colors, expressive forms, and deep symbolism.
  She specialized in mural painting at La Palma School of Art in Madrid and completed her studies at the Sevilla School of Art. Throughout her career, she has explored various techniques, focusing on acrylic and watercolor to adapt her approach to different themes. Migration, identity, and human resilience are central to her work, allowing her to tell both personal and collective stories through art. With decades of experience in painting, teaching, and community engagement, Lucia is passionate about collaborative art. She has led large-scale murals with the NGO Haciendo Barrio in Malasaña, Madrid, encouraging community participation through public art. Additionally, she has taught painting in schools, after-school programs, and workshops for underprivileged children, believing in the power of art as a tool for education and empowerment.Her paintings have been exhibited in Spain and the U.S, including solo exhibitions from her Saastah collection at the Osuna Museum in Seville, the Diputación de Málaga, and Espacio Pozas in Madrid, Exhibition “Making Neighborhood” at Conde Duque Center, Madrid Spain, as well as in California, Indianapolis and Pacesetter Gallery in MS. Her work ""Leap of faith"" Was exhibited in 2021 at the Art Party in the Mississippi Museum of art. Her most recent mural, located at 201 Clinton Boulevard, MS.
  Beyond her personal practice, she has coordinated cultural initiatives such as Welcome Donostia in San Sebastián, Spain, along with various art events and community projects. Through her work, she continues to explore universal themes, using art to bridge cultures, foster dialogue, and inspire meaningful connections.
  
  
 

  Social / Website:
  Insta: luciaduqueart
  
  
 

  Website: luciaduque.com",City of Jackson Permanent Collection,,,
acm_164,Sera & Phina,Michael Montgomery,2025,FALSE,translucent woven sculpture and cellophane on a wood fram,"Suspended translucent sculpture composed of interwoven red, yellow, blue, and iridescent strips hanging from a rectangular frame.",ACM.2025.006,,,,Exhibition 2025;translucent woven sculpture and cellophane on a wood fram;Sculpture;Textiles;Weaving;Transparency;Installation art,,,,Arts Center of Mississippi,artwork,English,,,record,/objects/acm_164.png,,,City of Jackson Permanent Collection,,,
acm_165,Progenation,Nate Thiesen,2025,FALSE,"Plexiglass, LED spotlight","Illuminated spherical sculpture built from many stacked or layered translucent white elements, glowing from a light source below.",ACM.2025.007,,"Nate Theisen is a sculptor, painter, and co-Chair of Art at Belhaven University, where he has been since 2002. He received a M.F.A. in painting and sculpture from Wichita State University and a B.F.A. in painting from the University of South Dakota. He served briefly as an apprentice for Anatol Herzfeld in Neuss County, Germany.
  His works have been featured in numerous exhibits across the South and Midwest including the Mississippi Invitational. He has received many awards including two Artist Fellowship grants from the Mississippi Arts Commission, and several best of shows and first place awards.
  Nate Theisen is a sculptor, painter, and co-Chair of Art at Belhaven University, where he has been since 2002. He received a M.F.A. in painting and sculpture from Wichita State University and a B.F.A. in painting from the University of South Dakota. He served briefly as an apprentice for Anatol Herzfeld in Neuss County, Germany.
  His works have been featured in numerous exhibits across the South and Midwest including the Mississippi Invitational. He has received many awards including two Artist Fellowship grants from the Mississippi Arts Commission, and several best of shows and first place awards.","This piece was made using laser cut and engraved acrylic. 
  
 

  Least Delicate, least specific requirements for set up. Has its own light, so can be displayed anywhere","Exhibition 2025;Plexiglass, LED spotlight;Sculpture;Spheres;Light;Plexiglass;Illumination",,,,Arts Center of Mississippi,artwork,English,,,record,,,"Artist Bio:
  Nate Theisen is a sculptor, painter, and co-Chair of Art at Belhaven University, where he has been since 2002. He received a M.F.A. in painting and sculpture from Wichita State University and a B.F.A. in painting from the University of South Dakota. He served briefly as an apprentice for Anatol Herzfeld in Neuss County, Germany.
  His works have been featured in numerous exhibits across the South and Midwest including the Mississippi Invitational. He has received many awards including two Artist Fellowship grants from the Mississippi Arts Commission, and several best of shows and first place awards.
  Nate Theisen is a sculptor, painter, and co-Chair of Art at Belhaven University, where he has been since 2002. He received a M.F.A. in painting and sculpture from Wichita State University and a B.F.A. in painting from the University of South Dakota. He served briefly as an apprentice for Anatol Herzfeld in Neuss County, Germany.
  His works have been featured in numerous exhibits across the South and Midwest including the Mississippi Invitational. He has received many awards including two Artist Fellowship grants from the Mississippi Arts Commission, and several best of shows and first place awards.
  
  
 

  Social / Website:
  https://ntheisen.myportfolio.com/ 
  
  
 

  https://www.instagram.com/natetheisenart/
  
  
 

  Exhibition Text:
  Pale: Seem less impressive or important. Deficient in color or intensity of color.
  
  Ontology: The branch of philosophy that investigates the nature of existence.
  
  The work in this series suggests living forms while verging on abstraction. The life depicted is delicate: the forms move, increase in mass, and threaten non-existence relative to the spectator.
  
  The systematic and quasi-scientific construction and display methods used in this series are an attempt to recapture the wonder I had as a child visiting natural science museums. The skeletons and fossils on display suggested various aspects and actions of once living things. This prompted me to fill in the blanks of their existence with my limited understanding of the world. The voids and trace elements were active zones filled with muscle, sinew and skin. The poses and traces of movement recorded their intelligence and behavior.
  
  I like the idea of memory blending with myth and using research that incorporates speculation. The imaginative reconstruction of beings hopefully can serve as a metaphor for how we generate our own sense of being. 
  – Nate Theisen",City of Jackson Permanent Collection,,,
acm_166,Open Joy,RahLeeCoh J. Verderosa-Ishakarah,2023,FALSE,Oil paint on paper,"Still-life composition centered on a container labeled 'Joy,' filled with flowers and long curling objects, with footwear and other items nearby.",ACM.2023.009,20 x 26 in.,"RahLeeCoh J. Verderosa-Ishakarah is a multi-talented artist constantly challenging himself through his artistic practices. He was born and raised in Jackson, MS, to an artistic family and a culturally expressive community. Though initially homeschooled by his parents, he went on to experience public education at specialized art programs in JPS like APAC that funded summer programs such as Kaleidoscope and Idyllwild Arts in CA. He moved out of state to receive his BFA in Design Arts with a Concentration in Sequential Narrative through Memphis College of Art and took teacher courses at Belhaven University while teaching high school art in Memphis. He continued to embrace art and education as he implemented the practice into his community engagement projects. He continues to engage in public art as he takes on new ventures, while maintaining private conceptual interests.",,Exhibition 2025;Oil paint on paper;Still lifes;Flowers;Containers;Footwear;Joy,,,,Arts Center of Mississippi,artwork,English,,,image,/objects/acm_166.png,,"Artist Bio:
  RahLeeCoh J. Verderosa-Ishakarah is a multi-talented artist constantly challenging himself through his artistic practices. He was born and raised in Jackson, MS, to an artistic family and a culturally expressive community. Though initially homeschooled by his parents, he went on to experience public education at specialized art programs in JPS like APAC that funded summer programs such as Kaleidoscope and Idyllwild Arts in CA. He moved out of state to receive his BFA in Design Arts with a Concentration in Sequential Narrative through Memphis College of Art and took teacher courses at Belhaven University while teaching high school art in Memphis. He continued to embrace art and education as he implemented the practice into his community engagement projects. He continues to engage in public art as he takes on new ventures, while maintaining private conceptual interests.",City of Jackson Permanent Collection,,,
acm_167,Sitting with Myself in the Dark,Anna Lyons,2025,FALSE,oil on canvas,"Seated red-haired woman in a dark interior, accompanied by an oval mirror or framed image containing a small reclining figure.",ACM.2025.008,12.75 x 15.75 in.,"Anna Lyons is an artist raised in southern Louisiana now living in Jackson, MS. She is a BFA graduate of The School of the Art Institute of Chicago with a concentration in Painting, Drawing, and Ceramics. 
  Now walking the path of art education she teaches a diverse range of classes at the Mississippi Museum of Art and is the Director of the after-school art program at The Privette School. Her approach to teaching art starts with introducing her students to fundamental techniques that give them confidence in making art, developing their own style, and then encourage them to break the “rules” they were taught. In the words of one of her long time students “you taught me how to see the world again”. Teaching has become an important part of Anna’s art making process as the different perspectives and conversations remind her how important expressing yourself and how meaningful it is to create something.
  When she is not teaching Anna is working on her current body of work. Using mediums such as oil paint, watercolor, and ceramics she creates worlds inspired by identity, dreams, symbolism, and nature. Fascinated by the imagery in religious and occult art works and the surrealists mission of depicting the unseen within ourselves and in our world Anna’s work incorporates many symbols and motifs we see in these movements. In her work we see the surreal reflection of the artist in the mirror, a portrait surrounded by symbols representing the models interior thoughts, or a depiction of the remembered fragments of a dream. Anna’s work has the intimacy of a diary but with the use of universal symbols the viewer can find themselves within her world.",,Exhibition 2026;oil on canvas;Women;Seated figures;Interiors;Mirrors;Self-reflection,,,,Arts Center of Mississippi,artwork,English,,,image,/objects/acm_167.png,,"Artist Bio:
  Anna Lyons is an artist raised in southern Louisiana now living in Jackson, MS. She is a BFA graduate of The School of the Art Institute of Chicago with a concentration in Painting, Drawing, and Ceramics. 
  Now walking the path of art education she teaches a diverse range of classes at the Mississippi Museum of Art and is the Director of the after-school art program at The Privette School. Her approach to teaching art starts with introducing her students to fundamental techniques that give them confidence in making art, developing their own style, and then encourage them to break the “rules” they were taught. In the words of one of her long time students “you taught me how to see the world again”. Teaching has become an important part of Anna’s art making process as the different perspectives and conversations remind her how important expressing yourself and how meaningful it is to create something.
  When she is not teaching Anna is working on her current body of work. Using mediums such as oil paint, watercolor, and ceramics she creates worlds inspired by identity, dreams, symbolism, and nature. Fascinated by the imagery in religious and occult art works and the surrealists mission of depicting the unseen within ourselves and in our world Anna’s work incorporates many symbols and motifs we see in these movements. In her work we see the surreal reflection of the artist in the mirror, a portrait surrounded by symbols representing the models interior thoughts, or a depiction of the remembered fragments of a dream. Anna’s work has the intimacy of a diary but with the use of universal symbols the viewer can find themselves within her world.
  
  
 

  Exhibition Text:
  Anna Lyons created this body of work over the past several years as she moved through life in a journey of self discovery and artistic growth. This series of paintings, drawings, ceramics, and found objects represents a curiosity and exploration of identity. The title, Portraits & Other Objects, references both the literal subject of the art in this body of work, as well as Lyons’ fascination with inverting the typical portrait and instead imagining what if objects served as portraits of people, and if people could be represented as objects? Inspired by the legacy of Surrealist painters such as Frida Kahlo, Leonora Carrington, and Hilma af Klint, this series of portraits takes the subject and creates a new world of representation. Each piece begins with nothing more than a thought or even a dream that ignites a creative fire that Lyons harnesses into new work. The resulting dreamlike art opens up an otherworldly environment for the viewer to explore. As you examine the work in this gallery, we invite you to reflect on your own dreams and thoughts and how they could exist in this world.",City of Jackson Permanent Collection,,,
acm_169,Symmetry I,Jesse Brent McDaniels,2025,FALSE,digital photography,Symmetrical digital photograph created from mirrored flowering branches in vivid blue and yellow against a muted background.,ACM.2025.009,23.75 x 41.25 in.,"From the artist: I’m from the trailer park.
  
 

  Written internally: Plastic Broccoli, also known as Jesse Brent McDaniel, is a Mississippi photographer whose work captures and warps the natural environment around him. By manipulating saturation, colors, and symmetry he creates vibrant and jarring scenes that transform the familiar into something that seems other-worldly.",SYMMETRY IS ONE OF THE PRIMARY THEMES IN MY WORK,Exhibition 2026;digital photography;Photography;Symmetry;Flowers;Branches;Mirroring,,,,Arts Center of Mississippi,artwork,English,,,image,/objects/acm_169.png,,"Artist Bio:
  From the artist: I’m from the trailer park.
  
  
 

  Written internally: Plastic Broccoli, also known as Jesse Brent McDaniel, is a Mississippi photographer whose work captures and warps the natural environment around him. By manipulating saturation, colors, and symmetry he creates vibrant and jarring scenes that transform the familiar into something that seems other-worldly.
  
  
 

  Social / Website:
  plasticbroccoli (instagram)
  
  
 

  Exhibition Text:
  In his debut exhibition, Plastic Broccoli explores nature through a personal lens. The photographs in this gallery create a nearly abstract environment from familiar imagery. These works began as sketches or quick notes by the artist that then took days or even years to come to reality. In documentation the space and time around him from his own viewpoint, Plastic Broccoli invites us to share his world in this space.",City of Jackson Permanent Collection,,,
acm_171,The Felling,Kimberly Hill,2026,FALSE,acrylic paint and soil on canvas,"Surreal scene combining striped architectural panels, a black-and-white checkerboard path, scattered objects, and a bent long-haired figure in a wooded setting.",ACM.2026.002,38.5 x 26.5 in.,"Kimberly Hill is a self-taught painter and installation artist from Jackson, Mississippi whose work explores the complex intersections of gender identity and African American heritage. Drawing inspiration from the vivid landscapes of the South and the deep cultural narratives of their upbringing, Kimberly’s surrealist paintings are a powerful fusion of dreamlike imagery and raw, introspective symbolism.
  Rooted in an exploration of personal and collective identity, Kimberly’s paintings often feature fluid, distorted forms that challenge conventional understandings of gender and race, inviting the viewer to consider identity as something ever-evolving and multifaceted. The surreal landscapes and figures in their work act as metaphors for the lived experiences of marginalized communities, with a focus on reclaiming and redefining the boundaries of identity.
  A product of both deep introspection and the rich traditions of Southern Black culture, Kimberly's art pushes the boundaries of visual storytelling. Through vibrant colors, distorted shapes, and symbolic imagery, they create a dialogue about the complexities of self-discovery, non-conformity, and transformation.","This piece captures my overall experience with conveying surrealism through feeling. 
  
 

  This piece doesn’t deny itself to fit into a space. It’s the culmination of every preexisting energy in a space. It acts as an acceptance of each individual energy. Within each of my pieces i wanr to convey feeling in its rawest form. When it’s first felt vs. when it’s been processed and left to be picked apart with questions.",Exhibition 2026;acrylic paint and soil on canvas;Surrealism;Figures;Checkerboard patterns;Forests;Mixed media,,,,Arts Center of Mississippi,artwork,English,,,image,/objects/acm_171.png,The Felling by Kimberly Hill,"Artist Bio:
  Kimberly Hill is a self-taught painter and installation artist from Jackson, Mississippi whose work explores the complex intersections of gender identity and African American heritage. Drawing inspiration from the vivid landscapes of the South and the deep cultural narratives of their upbringing, Kimberly’s surrealist paintings are a powerful fusion of dreamlike imagery and raw, introspective symbolism.
  Rooted in an exploration of personal and collective identity, Kimberly’s paintings often feature fluid, distorted forms that challenge conventional understandings of gender and race, inviting the viewer to consider identity as something ever-evolving and multifaceted. The surreal landscapes and figures in their work act as metaphors for the lived experiences of marginalized communities, with a focus on reclaiming and redefining the boundaries of identity.
  A product of both deep introspection and the rich traditions of Southern Black culture, Kimberly's art pushes the boundaries of visual storytelling. Through vibrant colors, distorted shapes, and symbolic imagery, they create a dialogue about the complexities of self-discovery, non-conformity, and transformation.
  
  
 

  Social / Website:
  Insta: Antmessiah
  
  
 

  Exhibition Text:
  Reflecting on traditionally masculine spaces such as the barbershop, Ant Hill set out to create a body of work that ""Cuts down"" traditional ideas of homophobia, sexism, and bio-essentialism. In this series Hill intentionally employs mundane and familiar imagery such as a barshop apron and chair, shears, plants and flora, and magazine cuttings. Taking these recognizable objects and contrasting them with queer and swamp motifs raises the question of who these traditional spaces serve and how we can bring these ideas together. The Cut asks the question, how do we cut down the restrictions around us to reimagine a more supportive and collective environment?",City of Jackson Permanent Collection,,,
acm_172,Call on Me,Brenden Davis & H.I. Green,2023,FALSE,"Acrylic paint, paint pen, wax candles, yarn, collard greens, cinnamon sticks, pecan shells, van van oil","Hanging assemblage constructed like a multi-pane window, filled with brightly colored abstract forms and textured materials within a weathered frame.",ACM.2023.010,34.25 x 23.5 in.,,,Assemblage;Windows;Abstract art;Mixed media;Found objects,,,,Arts Center of Mississippi,artwork,English,,,image,/objects/acm_172.jpg,Call on Me by Brenden Davis and H.I. Green,,City of Jackson Permanent Collection,,,
acm_173,Self Censorship,Emma Lorenz,2023,FALSE,"Thrifted tablecloth, MDF woodblock carvings, screenprinting ink","Hanging lace textile bearing layered red-and-black figurative imagery, framed by decorative white fabric and suspended from a rod.",ACM.2023.011,26 x 36 x 0.25 in.,"Emma Lorenz describes herself as a found object/mixed media artist, utilizing processes such as printmaking, bookmaking, papermaking and object fabrication to create artwork that discusses body image and identity. Originally from Dallas Texas, Lorenz is currently living and making art in Jackson Mississippi. She teaches studio classes on the weekend at the Mississippi Museum of Art and works full time at the Mississippi Museum of Natural Science. Her work has been featured in local exhibitions such as The Mash-Up: Home is Where the Art is, at the Arts Center of Mississippi, as well as work in the permanent collection of the Ohio University Printmaking Archives, the Fat Print Archives and . She graduated from Millsaps College in 2024, with a Bachelor's Degree in Studio Art, and a Minor in Psychology.","""This work contains several aspects of my practice, including the use of printmaking, repurposed thrifted objects, and the use of self portraiture to comment on expectations about personal expression and body.""
 

 The woodblock prints in Self Censorship were made using model poses and photographs from Vogue Magazine as the source material. Three images were selected, and then by superimposing my own plus size body onto the models, I created new drawings, which were then carved into the MDF woodblock prints.
 

 Traditionally, these models are considered the height of beauty and desirability by society, and by appropriating the forms their bodies take with my own non conventional body, I am making myself the object of desire.
 

 The prints and forms are obscured and “censored” however, by the use of screenprinting inks. In this, I am grappling with my own feelings of shame and discomfort, in expressing that sexuality or desirability to a wider audience.",Exhibition 2024;Thrifted tablecloth;screenprinting ink;Textiles;Lace;Screen printing;Figures;Hanging works,,,,Arts Center of Mississippi,artwork,English,,,image,/objects/acm_173.png,Self Censorship by Emma Lorenz,,City of Jackson Permanent Collection,,,
acm_175,Majestic,Leah Joy Byers Guardimino,2025,FALSE,acrylic on particle board,Fantastical mountain landscape of snow-covered purple peaks beneath a dark starry sky crossed by sweeping blue bands of light.,ACM.2025.011,18 x 24 in.,,,Exhibition 2026;acrylic on particle board;Landscapes;Mountains;Night skies;Stars;Aurora,,,,Arts Center of Mississippi,artwork,English,,,image,/objects/acm_175.png,Majestic by Leah Joy Byers Guardimino,,City of Jackson Permanent Collection,,,
acm_176,Born Again Denim,Keylon McClendon,2021,FALSE,Recycled jeans and scraps,"Reconstructed denim jacket assembled from contrasting blue jean panels, pockets, seams, and extended fabric strips.",ACM.2021.002,,"Keylon McClendon is a Jackson, Mississippi based fashion and textile artist and the founder of Born Again Denim. A brand dedicated to reworking denim, tapestry reclaiming fabrics into new, sustainable pieces. A graduate of Mississippi State University, she holds a bachelor’s degree in Fashion Design and Merchandising, which informs her strong foundation in construction, fabric manipulation, and creative design. McClendon is known for reworking vintage fabrics, repurposing old garments, and giving new life to materials that carry history. Her practice blends craftsmanship, sustainability, and storytelling to create pieces that feel both familiar and reimagined. Her work has been featured in community events and highlighted by WLBT 3, reflecting her growing impact within Jackson’s creative community. Rooted in Southern culture and intentional, resourceful creativity, she continues to expand her artistic practice through community engagement, and innovative design.","I chose to donate this piece because it reflects my journey as a textile artist. As an artist who works with upcycled textiles, I wanted this piece to be shared with the community and Mississippi culture. “The B stands for Born Again, symbolizing renewal and taking something that has been overlooked and giving it a new purpose.
 

 This piece transforms an everyday denim into a wearable art ...”",Exhibition 2026;Recycled jeans and scraps;Clothing;Denim;Jackets;Recycled materials;Textile art,,,,Arts Center of Mississippi,artwork,English,,,image,/objects/acm_176.png,Born Again Denim by Keylon McClendon,,City of Jackson Permanent Collection,,,
acm_177,Where Good Things Flow,Chris Meshel,2026,FALSE,"collage, pen, acrylic, ink on canvas","Colorful collage of flowing green, orange, yellow, and red forms incorporating faces, printed text fragments, photographs, and map-like pathways.",ACM.2026.003,48 x 27.25 x 6 in.,"Chris Meshel is an artist, poet, writer, and licensed immigration attorney born in Canton, Mississippi and based between Barcelona and the American South. Working across mixed media, textiles, raw canvas, handwritten text, and installation, her practice combines visual art with spoken word and performance-based approaches. Influenced by her background in immigration law and Black Southern storytelling traditions, her work engages with questions of identity, movement, memory, and cultural perception. Her artistic development has been shaped through international residencies in Costa Rica, Naples, Berlin, Portugal, and Barcelona. Recent projects include “The Body Keeps the Score” (Soho House Barcelona and Studio 46 Barcelona, 2025) and “But Where Are You From, From?” (Arts Center of Mississippi, Jackson, 2026).","This piece is a visual board of my dreams and goals, an exhibition in MS was one of those dreams.
 

 I created this while in Barcelona on a virtual vision board family call. My family has made sure to keep the lines of communication open even across borders.",Exhibition 2026;collage;acrylic;ink on canvas;Text;Faces;Maps;Mixed media,,,,Arts Center of Mississippi,artwork,English,,,image,/objects/acm_177.png,Where Good Things Flow by Chris Meshel,,City of Jackson Permanent Collection,,,
